timestamp,aspex_proton_flux,papa_wind_velocity,mag_bz_field
2026-08-16 21:56:27.087545,44.08,447.7,-0.6
2026-08-16 21:56:27.163314,1e+31,1e+31,-0.44
2026-08-16 21:56:27.180090,45.25,390.29,4.37
2026-08-16 21:56:27.231608,0.08,378.74,-5.66
2026-08-16 21:56:27.249725,40.38,370.31,0.63
2026-08-16 21:56:27.300955,0.02,330.76,-0.54
2026-08-16 21:56:27.318223,43.93,470.04,-2.16
2026-08-16 21:56:27.371461,1e+31,1e+31,-2.41
2026-08-16 21:56:27.387867,61.82,446.46,-1.54
2026-08-16 21:56:27.433933,0.02,362.9,2.22
2026-08-16 21:56:27.450573,56.5,406.8,-10.33
2026-08-16 21:56:27.512219,1e+31,1e+31,10.86
2026-08-16 21:56:27.528280,45.39,463.12,7.1
2026-08-16 21:56:27.582044,0.05,368.27,6.19
2026-08-16 21:56:27.601180,40.87,439.13,-2.92
2026-08-16 21:56:27.656918,1e+31,1e+31,-4.19
2026-08-16 21:56:27.672770,1e+31,442.97,-3.7
2026-08-16 21:56:27.731798,1e+31,1e+31,7.06
2026-08-16 21:56:27.749224,35.61,434.19,0.84
2026-08-16 21:56:27.807326,1e+31,1e+31,-1.3
2026-08-16 21:56:27.822949,47.05,423.99,7.41
2026-08-16 21:56:27.863401,0.11,296.29,-0.64
2026-08-16 21:56:27.975245,1e+31,1e+31,6.12
2026-08-16 21:56:28.080940,0.07,404.22,-1.53
2026-08-16 21:56:28.154534,1e+31,1e+31,8.12
2026-08-16 21:56:28.208924,1e+31,1e+31,0.7
2026-08-16 21:56:28.259932,0.23,812.71,-0.34
2026-08-16 21:56:28.316923,1e+31,1e+31,2.83
2026-08-16 21:56:28.333381,49.42,445.59,2.56
2026-08-16 21:56:28.390680,1e+31,1e+31,-1.52
2026-08-16 21:56:28.409072,53.74,372.63,-0.51
2026-08-16 21:56:28.457020,1e+31,1e+31,-2.03
2026-08-16 21:56:28.479500,51.3,419.99,-1.23
2026-08-16 21:56:28.537762,1e+31,1e+31,2.39
2026-08-16 21:56:28.558955,39.37,460.2,2.94
2026-08-16 21:56:28.622614,0.27,453.27,-4.18
2026-08-16 21:56:28.640566,42.13,414.97,5.35
2026-08-16 21:56:28.708652,0.02,425.96,0.91
2026-08-16 21:56:28.729690,64.71,419.86,1.65
2026-08-16 21:56:28.790851,0.09,425.73,1.35
2026-08-16 21:56:28.813561,46.22,472.98,4.22
2026-08-16 21:56:28.869214,1e+31,1e+31,-1.78
2026-08-16 21:56:28.888749,1e+31,457.28,-1.37
2026-08-16 21:56:28.948935,0.65,678.49,2.92
2026-08-16 21:56:28.964692,55.09,456.44,2.61
2026-08-16 21:56:28.986680,1e+31,1e+31,3.9
2026-08-16 21:56:29.039290,0.04,419.79,5.98
2026-08-16 21:57:27.087545,44.16,399.41,5.88
2026-08-16 21:57:27.163314,1e+31,1e+31,1.13
2026-08-16 21:57:27.180090,45.19,464.66,1.64
2026-08-16 21:57:27.231608,0.09,377.64,-2.88
2026-08-16 21:57:27.249725,40.18,422.1,0.8
2026-08-16 21:57:27.300955,0.03,328.18,-1.19
2026-08-16 21:57:27.318223,43.57,448.84,6.91
2026-08-16 21:57:27.371461,1e+31,1e+31,-4.37
2026-08-16 21:57:27.387867,59.93,491.03,-3.63
2026-08-16 21:57:27.433933,0.02,368.3,2.41
2026-08-16 21:57:27.450573,49.71,429.77,-4.99
2026-08-16 21:57:27.512219,1e+31,1e+31,5.22
2026-08-16 21:57:27.528280,45.54,419.88,-0.88
2026-08-16 21:57:27.582044,1e+31,1e+31,1.86
2026-08-16 21:57:27.601180,40.87,450.25,-3.41
2026-08-16 21:57:27.656918,1e+31,1e+31,0.91
2026-08-16 21:57:27.672770,1e+31,451.69,4.45
2026-08-16 21:57:27.731798,1e+31,1e+31,-2.22
2026-08-16 21:57:27.749224,35.62,349.88,-0.42
2026-08-16 21:57:27.807326,1e+31,1e+31,4.41
2026-08-16 21:57:27.822949,47.05,460.51,2.84
2026-08-16 21:57:27.863401,0.1,301.21,1.98
2026-08-16 21:57:27.975245,1e+31,1e+31,3.52
2026-08-16 21:57:28.080940,1e+31,1e+31,-4.54
2026-08-16 21:57:28.154534,4.83,566.86,-0.77
2026-08-16 21:57:28.208924,0.03,934.9,-8.39
2026-08-16 21:57:28.259932,1e+31,1e+31,-2.32
2026-08-16 21:57:28.316923,1e+31,1e+31,5.69
2026-08-16 21:57:28.333381,49.41,442.8,1.08
2026-08-16 21:57:28.390680,1e+31,1e+31,-7.95
2026-08-16 21:57:28.409072,53.74,386.52,-4.85
2026-08-16 21:57:28.457020,1e+31,1e+31,-9.26
2026-08-16 21:57:28.479500,51.23,434.11,2.51
2026-08-16 21:57:28.537762,1e+31,1e+31,-1.04
2026-08-16 21:57:28.558955,39.41,439.51,6.61
2026-08-16 21:57:28.622614,1e+31,1e+31,3.7
2026-08-16 21:57:28.640566,42.21,403.46,-1.22
2026-08-16 21:57:28.708652,0.03,431.78,7.01
2026-08-16 21:57:28.729690,64.74,421.79,3.95
2026-08-16 21:57:28.790851,0.08,432.84,4.16
2026-08-16 21:57:28.813561,46.22,495.47,0.26
2026-08-16 21:57:28.869214,1e+31,1e+31,-0.49
2026-08-16 21:57:28.888749,1e+31,433.23,1.29
2026-08-16 21:57:28.948935,0.73,685.28,-7.64
2026-08-16 21:57:28.964692,55.05,402.04,-4.84
2026-08-16 21:57:28.986680,1e+31,1e+31,-1.05
2026-08-16 21:57:29.039290,0.04,423.27,4.1
2026-08-16 21:58:27.087545,44.83,431.92,-2.52
2026-08-16 21:58:27.163314,1e+31,1e+31,2.14
2026-08-16 21:58:27.180090,45.25,417.8,-5.26
2026-08-16 21:58:27.231608,0.08,375.57,0.54
2026-08-16 21:58:27.249725,39.7,397.64,6.43
2026-08-16 21:58:27.300955,1e+31,1e+31,2.8
2026-08-16 21:58:27.318223,43.39,425.97,-0.18
2026-08-16 21:58:27.371461,1e+31,1e+31,-5.78
2026-08-16 21:58:27.387867,58.85,434.7,12.99
2026-08-16 21:58:27.433933,0.02,371.96,-7.18
2026-08-16 21:58:27.450573,48.95,425.77,-4.09
2026-08-16 21:58:27.512219,1e+31,1e+31,2.82
2026-08-16 21:58:27.528280,45.54,457.22,-0.01
2026-08-16 21:58:27.582044,1e+31,1e+31,12.22
2026-08-16 21:58:27.601180,40.86,395.66,0.95
2026-08-16 21:58:27.656918,1e+31,1e+31,5.96
2026-08-16 21:58:27.672770,1e+31,486.29,-2.42
2026-08-16 21:58:27.731798,1e+31,1e+31,4.43
2026-08-16 21:58:27.749224,35.62,431.1,-7.26
2026-08-16 21:58:27.807326,1e+31,1e+31,2.09
2026-08-16 21:58:27.822949,47.96,466.14,-2.97
2026-08-16 21:58:27.863401,0.1,302.72,-0.42
2026-08-16 21:58:27.975245,0.06,468.02,-2.38
2026-08-16 21:58:28.080940,1e+31,1e+31,-10.49
2026-08-16 21:58:28.154534,4.52,576.19,-4.29
2026-08-16 21:58:28.208924,0.06,903.15,3.88
2026-08-16 21:58:28.259932,0.23,813.56,-1.63
2026-08-16 21:58:28.316923,1e+31,1e+31,5.7
2026-08-16 21:58:28.333381,49.39,418.6,-4.87
2026-08-16 21:58:28.390680,0.1,360.27,1.67
2026-08-16 21:58:28.409072,53.74,438.67,5.87
2026-08-16 21:58:28.457020,1e+31,1e+31,2.3
2026-08-16 21:58:28.479500,51.16,408.55,-4.09
2026-08-16 21:58:28.537762,1e+31,1e+31,6.77
2026-08-16 21:58:28.558955,39.45,475.96,-3.61
2026-08-16 21:58:28.622614,0.13,453.16,2.42
2026-08-16 21:58:28.640566,42.29,388.18,-4.82
2026-08-16 21:58:28.708652,0.02,430.6,3.9
2026-08-16 21:58:28.729690,64.78,467.71,0.32
2026-08-16 21:58:28.790851,0.08,436.59,-0.33
2026-08-16 21:58:28.813561,46.21,430.08,3.01
2026-08-16 21:58:28.869214,1e+31,1e+31,1.53
2026-08-16 21:58:28.888749,1e+31,389.86,-1.35
2026-08-16 21:58:28.948935,0.66,680.53,-3.66
2026-08-16 21:58:28.964692,55.01,420.81,-1.51
2026-08-16 21:58:28.986680,1e+31,1e+31,0.02
2026-08-16 21:58:29.039290,0.04,420.75,-3.36
2026-08-16 21:59:27.087545,44.92,429.69,5.04
2026-08-16 21:59:27.163314,1e+31,1e+31,-5.77
2026-08-16 21:59:27.180090,45.41,379.62,-3.48
2026-08-16 21:59:27.231608,0.09,378.33,4.62
2026-08-16 21:59:27.249725,39.37,462.87,5.77
2026-08-16 21:59:27.300955,1e+31,1e+31,-5.39
2026-08-16 21:59:27.318223,43.57,436.69,7.2
2026-08-16 21:59:27.371461,1e+31,1e+31,-1.29
2026-08-16 21:59:27.387867,58.85,445.0,-6.22
2026-08-16 21:59:27.433933,0.02,365.9,3.35
2026-08-16 21:59:27.450573,49.71,442.85,1.85
2026-08-16 21:59:27.512219,1e+31,1e+31,2.72
2026-08-16 21:59:27.528280,45.8,394.67,2.31
2026-08-16 21:59:27.582044,0.05,370.15,2.85
2026-08-16 21:59:27.601180,40.86,414.96,-5.28
2026-08-16 21:59:27.656918,1e+31,1e+31,-6.29
2026-08-16 21:59:27.672770,1e+31,396.89,-0.57
2026-08-16 21:59:27.731798,1e+31,1e+31,-6.45
2026-08-16 21:59:27.749224,35.62,461.45,-6.95
2026-08-16 21:59:27.807326,0.08,328.17,6.18
2026-08-16 21:59:27.822949,48.03,449.81,12.64
2026-08-16 21:59:27.863401,0.11,300.41,-0.84
2026-08-16 21:59:27.975245,1e+31,1e+31,-2.26
2026-08-16 21:59:28.080940,0.08,403.89,-2.88
2026-08-16 21:59:28.154534,1e+31,1e+31,1.97
2026-08-16 21:59:28.208924,1e+31,1e+31,1.74
2026-08-16 21:59:28.259932,1e+31,1e+31,0.72
2026-08-16 21:59:28.316923,1e+31,1e+31,10.67
2026-08-16 21:59:28.333381,49.38,448.07,5.57
2026-08-16 21:59:28.390680,0.1,361.5,0.27
2026-08-16 21:59:28.409072,53.74,422.86,-1.7
2026-08-16 21:59:28.457020,1e+31,1e+31,2.54
2026-08-16 21:59:28.479500,51.09,418.38,0.27
2026-08-16 21:59:28.537762,1e+31,1e+31,-7.38
2026-08-16 21:59:28.558955,39.5,435.58,3.57
2026-08-16 21:59:28.622614,1e+31,1e+31,1.68
2026-08-16 21:59:28.640566,42.37,454.5,1.21
2026-08-16 21:59:28.708652,0.02,428.56,-2.72
2026-08-16 21:59:28.729690,64.81,450.62,-2.89
2026-08-16 21:59:28.790851,0.08,435.28,3.92
2026-08-16 21:59:28.813561,46.21,368.55,-1.76
2026-08-16 21:59:28.869214,1e+31,1e+31,2.58
2026-08-16 21:59:28.888749,1e+31,462.73,6.03
2026-08-16 21:59:28.948935,0.69,685.5,1.05
2026-08-16 21:59:28.964692,54.97,426.41,0.68
2026-08-16 21:59:28.986680,1e+31,1e+31,-5.81
2026-08-16 21:59:29.039290,0.04,422.55,6.37
2026-08-16 22:00:27.087545,44.92,416.04,4.59
2026-08-16 22:00:27.163314,1e+31,1e+31,-0.51
2026-08-16 22:00:27.180090,45.54,467.2,-1.22
2026-08-16 22:00:27.231608,0.08,378.25,2.17
2026-08-16 22:00:27.249725,39.37,453.8,-4.04
2026-08-16 22:00:27.300955,1e+31,1e+31,3.14
2026-08-16 22:00:27.318223,43.57,419.12,-6.74
2026-08-16 22:00:27.371461,1e+31,1e+31,2.54
2026-08-16 22:00:27.387867,58.85,420.15,-1.39
2026-08-16 22:00:27.433933,0.02,364.71,-2.24
2026-08-16 22:00:27.450573,49.71,393.41,-9.03
2026-08-16 22:00:27.512219,1e+31,1e+31,8.31
2026-08-16 22:00:27.528280,45.8,453.76,0.4
2026-08-16 22:00:27.582044,0.05,369.37,-10.72
2026-08-16 22:00:27.601180,40.86,425.33,8.45
2026-08-16 22:00:27.656918,1e+31,1e+31,-2.09
2026-08-16 22:00:27.672770,1e+31,424.02,-2.47
2026-08-16 22:00:27.731798,1e+31,1e+31,3.86
2026-08-16 22:00:27.749224,35.78,464.07,7.12
2026-08-16 22:00:27.807326,0.08,327.58,3.08
2026-08-16 22:00:27.822949,48.03,418.6,-7.25
2026-08-16 22:00:27.863401,0.13,295.96,-0.99
2026-08-16 22:00:27.975245,0.07,465.37,-2.13
2026-08-16 22:00:28.080940,1e+31,1e+31,-1.01
2026-08-16 22:00:28.154534,1e+31,1e+31,-11.17
2026-08-16 22:00:28.208924,0.06,907.54,3.59
2026-08-16 22:00:28.259932,0.23,813.55,3.21
2026-08-16 22:00:28.316923,1e+31,1e+31,1.69
2026-08-16 22:00:28.333381,49.36,419.28,6.12
2026-08-16 22:00:28.390680,0.08,371.25,-4.0
2026-08-16 22:00:28.409072,53.74,429.58,2.6
2026-08-16 22:00:28.457020,1e+31,1e+31,6.88
2026-08-16 22:00:28.479500,51.02,393.36,-4.89
2026-08-16 22:00:28.537762,1e+31,1e+31,-2.42
2026-08-16 22:00:28.558955,39.54,436.4,-5.45
2026-08-16 22:00:28.622614,1e+31,1e+31,0.81
2026-08-16 22:00:28.640566,42.46,416.47,-2.09
2026-08-16 22:00:28.708652,0.02,428.02,3.45
2026-08-16 22:00:28.729690,64.85,406.6,-1.84
2026-08-16 22:00:28.790851,0.09,428.2,3.08
2026-08-16 22:00:28.813561,46.21,382.32,8.18
2026-08-16 22:00:28.869214,1e+31,1e+31,1.3
2026-08-16 22:00:28.888749,1e+31,430.47,-3.88
2026-08-16 22:00:28.948935,0.63,679.36,-2.13
2026-08-16 22:00:28.964692,54.93,400.6,1.78
2026-08-16 22:00:28.986680,1e+31,1e+31,-2.52
2026-08-16 22:00:29.039290,0.04,422.16,-4.85
2026-08-16 22:01:27.087545,44.92,370.38,-0.77
2026-08-16 22:01:27.163314,1e+31,1e+31,3.77
2026-08-16 22:01:27.180090,45.68,465.98,-1.18
2026-08-16 22:01:27.231608,0.09,377.17,3.04
2026-08-16 22:01:27.249725,39.37,445.68,-9.76
2026-08-16 22:01:27.300955,0.03,329.95,-5.17
2026-08-16 22:01:27.318223,43.57,403.36,-7.32
2026-08-16 22:01:27.371461,1e+31,1e+31,-1.92
2026-08-16 22:01:27.387867,58.73,465.66,-0.47
2026-08-16 22:01:27.433933,1e+31,1e+31,3.53
2026-08-16 22:01:27.450573,50.93,471.38,3.02
2026-08-16 22:01:27.512219,1e+31,1e+31,0.01
2026-08-16 22:01:27.528280,45.8,408.24,3.37
2026-08-16 22:01:27.582044,1e+31,1e+31,0.32
2026-08-16 22:01:27.601180,40.87,444.45,-5.35
2026-08-16 22:01:27.656918,1e+31,1e+31,-0.02
2026-08-16 22:01:27.672770,1e+31,389.16,5.27
2026-08-16 22:01:27.731798,1e+31,1e+31,-2.63
2026-08-16 22:01:27.749224,36.18,413.73,-4.12
2026-08-16 22:01:27.807326,1e+31,1e+31,2.22
2026-08-16 22:01:27.822949,48.03,434.64,0.06
2026-08-16 22:01:27.863401,1e+31,1e+31,-3.02
2026-08-16 22:01:27.975245,1e+31,1e+31,1.41
2026-08-16 22:01:28.080940,1e+31,1e+31,-3.66
2026-08-16 22:01:28.154534,3.73,589.69,-2.49
2026-08-16 22:01:28.208924,1e+31,1e+31,1.65
2026-08-16 22:01:28.259932,1e+31,1e+31,-3.52
2026-08-16 22:01:28.316923,1e+31,1e+31,-6.63
2026-08-16 22:01:28.333381,49.35,383.93,-5.35
2026-08-16 22:01:28.390680,0.08,370.64,-7.07
2026-08-16 22:01:28.409072,53.74,417.46,6.7
2026-08-16 22:01:28.457020,1e+31,1e+31,2.97
2026-08-16 22:01:28.479500,50.95,435.76,-1.99
2026-08-16 22:01:28.537762,1e+31,1e+31,-2.8
2026-08-16 22:01:28.558955,39.58,390.89,6.83
2026-08-16 22:01:28.622614,1e+31,1e+31,0.95
2026-08-16 22:01:28.640566,42.54,435.45,-3.97
2026-08-16 22:01:28.708652,0.03,430.24,1.92
2026-08-16 22:01:28.729690,64.89,457.61,-3.53
2026-08-16 22:01:28.790851,0.08,434.95,-0.92
2026-08-16 22:01:28.813561,46.21,454.51,-1.93
2026-08-16 22:01:28.869214,1e+31,1e+31,1.89
2026-08-16 22:01:28.888749,1e+31,416.98,9.81
2026-08-16 22:01:28.948935,0.69,683.23,-7.21
2026-08-16 22:01:28.964692,54.88,431.77,2.04
2026-08-16 22:01:28.986680,1e+31,1e+31,-7.1
2026-08-16 22:01:29.039290,0.04,421.2,3.89
2026-08-16 22:02:27.087545,44.83,389.49,3.02
2026-08-16 22:02:27.163314,1e+31,1e+31,3.47
2026-08-16 22:02:27.180090,45.71,420.81,-3.29
2026-08-16 22:02:27.231608,0.09,377.73,-2.95
2026-08-16 22:02:27.249725,39.37,455.21,3.94
2026-08-16 22:02:27.300955,1e+31,1e+31,1.6
2026-08-16 22:02:27.318223,43.57,414.36,-3.45
2026-08-16 22:02:27.371461,1e+31,1e+31,-0.7
2026-08-16 22:02:27.387867,58.66,373.51,1.0
2026-08-16 22:02:27.433933,1e+31,1e+31,1.36
2026-08-16 22:02:27.450573,50.93,461.96,1.46
2026-08-16 22:02:27.512219,1e+31,1e+31,2.56
2026-08-16 22:02:27.528280,45.58,399.21,3.37
2026-08-16 22:02:27.582044,0.06,372.84,-10.49
2026-08-16 22:02:27.601180,40.96,453.97,-1.74
2026-08-16 22:02:27.656918,1e+31,1e+31,6.0
2026-08-16 22:02:27.672770,1e+31,455.21,-6.21
2026-08-16 22:02:27.731798,1e+31,1e+31,7.61
2026-08-16 22:02:27.749224,36.18,395.14,3.36
2026-08-16 22:02:27.807326,1e+31,1e+31,4.69
2026-08-16 22:02:27.822949,48.03,399.61,-4.86
2026-08-16 22:02:27.863401,1e+31,1e+31,11.65
2026-08-16 22:02:27.975245,1e+31,1e+31,1.94
2026-08-16 22:02:28.080940,1e+31,1e+31,-7.19
2026-08-16 22:02:28.154534,1e+31,1e+31,4.8
2026-08-16 22:02:28.208924,0.06,919.16,9.1
2026-08-16 22:02:28.259932,0.24,813.76,2.44
2026-08-16 22:02:28.316923,1e+31,1e+31,-1.38
2026-08-16 22:02:28.333381,49.33,418.48,5.84
2026-08-16 22:02:28.390680,0.1,370.63,-0.67
2026-08-16 22:02:28.409072,53.73,409.01,5.46
2026-08-16 22:02:28.457020,1e+31,1e+31,-0.18
2026-08-16 22:02:28.479500,50.88,440.62,-8.14
2026-08-16 22:02:28.537762,1e+31,1e+31,-1.54
2026-08-16 22:02:28.558955,39.62,450.22,-7.23
2026-08-16 22:02:28.622614,1e+31,1e+31,1.61
2026-08-16 22:02:28.640566,42.63,376.9,6.88
2026-08-16 22:02:28.708652,0.02,432.42,5.9
2026-08-16 22:02:28.729690,64.93,401.08,3.16
2026-08-16 22:02:28.790851,0.1,421.73,-7.47
2026-08-16 22:02:28.813561,46.21,467.02,-2.08
2026-08-16 22:02:28.869214,1e+31,1e+31,9.08
2026-08-16 22:02:28.888749,1e+31,418.43,5.42
2026-08-16 22:02:28.948935,0.64,677.58,3.38
2026-08-16 22:02:28.964692,54.84,443.63,6.55
2026-08-16 22:02:28.986680,1e+31,1e+31,1.12
2026-08-16 22:02:29.039290,0.04,423.87,-1.8
2026-08-16 22:03:27.087545,45.04,459.63,8.47
2026-08-16 22:03:27.163314,1e+31,1e+31,0.97
2026-08-16 22:03:27.180090,45.71,401.49,5.1
2026-08-16 22:03:27.231608,0.09,378.46,3.29
2026-08-16 22:03:27.249725,39.37,509.4,-2.67
2026-08-16 22:03:27.300955,1e+31,1e+31,-2.12
2026-08-16 22:03:27.318223,44.0,384.54,-4.45
2026-08-16 22:03:27.371461,1e+31,1e+31,3.99
2026-08-16 22:03:27.387867,58.66,385.21,1.41
2026-08-16 22:03:27.433933,1e+31,1e+31,-10.88
2026-08-16 22:03:27.450573,52.44,473.01,-4.4
2026-08-16 22:03:27.512219,1e+31,1e+31,3.7
2026-08-16 22:03:27.528280,45.58,420.87,-3.88
2026-08-16 22:03:27.582044,0.04,372.19,-3.1
2026-08-16 22:03:27.601180,41.28,429.96,-5.53
2026-08-16 22:03:27.656918,1e+31,1e+31,1.49
2026-08-16 22:03:27.672770,1e+31,423.52,0.03
2026-08-16 22:03:27.731798,1e+31,1e+31,-5.77
2026-08-16 22:03:27.749224,36.18,450.02,-2.2
2026-08-16 22:03:27.807326,1e+31,1e+31,-0.15
2026-08-16 22:03:27.822949,48.03,417.23,5.61
2026-08-16 22:03:27.863401,1e+31,1e+31,-6.08
2026-08-16 22:03:27.975245,1e+31,1e+31,-3.05
2026-08-16 22:03:28.080940,1e+31,1e+31,-1.33
2026-08-16 22:03:28.154534,1e+31,1e+31,-5.9
2026-08-16 22:03:28.208924,1e+31,1e+31,-4.14
2026-08-16 22:03:28.259932,1e+31,1e+31,4.32
2026-08-16 22:03:28.316923,1e+31,1e+31,-1.31
2026-08-16 22:03:28.333381,49.31,504.67,-6.1
2026-08-16 22:03:28.390680,1e+31,1e+31,-2.61
2026-08-16 22:03:28.409072,53.73,426.81,6.45
2026-08-16 22:03:28.457020,1e+31,1e+31,-6.51
2026-08-16 22:03:28.479500,50.8,406.91,6.77
2026-08-16 22:03:28.537762,1e+31,1e+31,-0.53
2026-08-16 22:03:28.558955,39.67,409.46,-3.56
2026-08-16 22:03:28.622614,1e+31,1e+31,-3.51
2026-08-16 22:03:28.640566,42.71,424.84,-9.33
2026-08-16 22:03:28.708652,0.02,429.34,-0.64
2026-08-16 22:03:28.729690,64.97,439.05,2.66
2026-08-16 22:03:28.790851,0.08,429.38,1.58
2026-08-16 22:03:28.813561,46.21,432.04,0.01
2026-08-16 22:03:28.869214,1e+31,1e+31,3.16
2026-08-16 22:03:28.888749,1e+31,456.31,-3.82
2026-08-16 22:03:28.948935,0.68,679.49,2.53
2026-08-16 22:03:28.964692,54.79,460.95,-1.45
2026-08-16 22:03:28.986680,1e+31,1e+31,-1.21
2026-08-16 22:03:29.039290,0.04,423.47,5.88
2026-08-16 22:04:27.087545,45.11,401.15,0.36
2026-08-16 22:04:27.163314,1e+31,1e+31,7.25
2026-08-16 22:04:27.180090,45.71,407.86,-1.83
2026-08-16 22:04:27.231608,0.08,376.12,-3.13
2026-08-16 22:04:27.249725,39.37,434.37,13.23
2026-08-16 22:04:27.300955,1e+31,1e+31,-1.43
2026-08-16 22:04:27.318223,44.0,472.41,1.03
2026-08-16 22:04:27.371461,1e+31,1e+31,5.12
2026-08-16 22:04:27.387867,58.66,428.18,4.68
2026-08-16 22:04:27.433933,0.03,362.08,2.03
2026-08-16 22:04:27.450573,50.93,449.58,1.09
2026-08-16 22:04:27.512219,1e+31,1e+31,3.35
2026-08-16 22:04:27.528280,45.58,380.34,2.65
2026-08-16 22:04:27.582044,0.04,374.28,1.91
2026-08-16 22:04:27.601180,41.31,414.43,-0.67
2026-08-16 22:04:27.656918,0.15,324.45,6.96
2026-08-16 22:04:27.672770,1e+31,451.15,-1.06
2026-08-16 22:04:27.731798,1e+31,1e+31,-2.19
2026-08-16 22:04:27.749224,36.27,373.6,0.11
2026-08-16 22:04:27.807326,1e+31,1e+31,-9.47
2026-08-16 22:04:27.822949,48.18,446.88,0.11
2026-08-16 22:04:27.863401,0.05,315.9,3.36
2026-08-16 22:04:27.975245,1e+31,1e+31,7.51
2026-08-16 22:04:28.080940,0.08,401.92,3.37
2026-08-16 22:04:28.154534,2.9,616.18,-2.47
2026-08-16 22:04:28.208924,1e+31,1e+31,7.54
2026-08-16 22:04:28.259932,0.23,812.85,-3.16
2026-08-16 22:04:28.316923,1e+31,1e+31,-2.22
2026-08-16 22:04:28.333381,49.29,404.27,-3.38
2026-08-16 22:04:28.390680,1e+31,1e+31,4.3
2026-08-16 22:04:28.409072,53.73,421.65,-4.86
2026-08-16 22:04:28.457020,1e+31,1e+31,-7.13
2026-08-16 22:04:28.479500,50.73,463.48,-4.93
2026-08-16 22:04:28.537762,1e+31,1e+31,-0.12
2026-08-16 22:04:28.558955,39.71,402.62,4.31
2026-08-16 22:04:28.622614,0.15,453.17,-6.21
2026-08-16 22:04:28.640566,42.8,407.25,-1.42
2026-08-16 22:04:28.708652,0.02,429.93,2.44
2026-08-16 22:04:28.729690,65.01,434.57,0.7
2026-08-16 22:04:28.790851,0.1,424.97,0.97
2026-08-16 22:04:28.813561,46.21,460.64,-1.0
2026-08-16 22:04:28.869214,1e+31,1e+31,-2.3
2026-08-16 22:04:28.888749,1e+31,380.45,-2.12
2026-08-16 22:04:28.948935,0.68,679.29,-5.43
2026-08-16 22:04:28.964692,54.74,452.0,0.38
2026-08-16 22:04:28.986680,1e+31,1e+31,4.16
2026-08-16 22:04:29.039290,0.03,420.05,-0.16
2026-08-16 22:05:27.087545,45.21,489.0,3.93
2026-08-16 22:05:27.163314,1e+31,1e+31,2.5
2026-08-16 22:05:27.180090,45.68,436.45,3.28
2026-08-16 22:05:27.231608,0.09,379.09,3.96
2026-08-16 22:05:27.249725,39.1,415.68,7.53
2026-08-16 22:05:27.300955,0.03,329.36,-6.7
2026-08-16 22:05:27.318223,43.57,444.55,-6.48
2026-08-16 22:05:27.371461,1e+31,1e+31,-5.44
2026-08-16 22:05:27.387867,58.66,454.12,-4.42
2026-08-16 22:05:27.433933,0.02,372.21,4.99
2026-08-16 22:05:27.450573,51.28,395.93,-3.75
2026-08-16 22:05:27.512219,1e+31,1e+31,-1.48
2026-08-16 22:05:27.528280,45.8,422.03,2.43
2026-08-16 22:05:27.582044,0.05,373.07,-1.89
2026-08-16 22:05:27.601180,41.44,434.85,0.72
2026-08-16 22:05:27.656918,1e+31,1e+31,-5.85
2026-08-16 22:05:27.672770,1e+31,450.98,-1.84
2026-08-16 22:05:27.731798,1e+31,1e+31,-1.26
2026-08-16 22:05:27.749224,36.45,423.76,0.86
2026-08-16 22:05:27.807326,1e+31,1e+31,3.52
2026-08-16 22:05:27.822949,48.26,399.84,4.85
2026-08-16 22:05:27.863401,1e+31,1e+31,-2.28
2026-08-16 22:05:27.975245,1e+31,1e+31,4.28
2026-08-16 22:05:28.080940,1e+31,1e+31,1.44
2026-08-16 22:05:28.154534,1e+31,1e+31,-3.05
2026-08-16 22:05:28.208924,1e+31,1e+31,7.44
2026-08-16 22:05:28.259932,1e+31,1e+31,-5.57
2026-08-16 22:05:28.316923,1e+31,1e+31,4.17
2026-08-16 22:05:28.333381,49.27,461.05,-0.89
2026-08-16 22:05:28.390680,1e+31,1e+31,-2.04
2026-08-16 22:05:28.409072,53.73,447.78,-2.84
2026-08-16 22:05:28.457020,1e+31,1e+31,2.72
2026-08-16 22:05:28.479500,50.65,371.33,-4.83
2026-08-16 22:05:28.537762,1e+31,1e+31,4.57
2026-08-16 22:05:28.558955,39.75,463.47,2.53
2026-08-16 22:05:28.622614,0.14,453.17,-3.25
2026-08-16 22:05:28.640566,42.88,399.73,1.3
2026-08-16 22:05:28.708652,0.02,431.14,-1.79
2026-08-16 22:05:28.729690,65.05,468.4,-2.86
2026-08-16 22:05:28.790851,0.08,429.13,3.91
2026-08-16 22:05:28.813561,46.21,425.4,-0.31
2026-08-16 22:05:28.869214,1e+31,1e+31,-4.13
2026-08-16 22:05:28.888749,1e+31,443.69,-1.13
2026-08-16 22:05:28.948935,0.65,682.3,-3.52
2026-08-16 22:05:28.964692,54.69,419.72,-9.76
2026-08-16 22:05:28.986680,1e+31,1e+31,3.53
2026-08-16 22:05:29.039290,0.04,422.19,2.41
2026-08-16 22:06:27.087545,45.7,412.61,0.92
2026-08-16 22:06:27.163314,1e+31,1e+31,11.75
2026-08-16 22:06:27.180090,45.71,437.25,1.1
2026-08-16 22:06:27.231608,0.08,376.85,-5.22
2026-08-16 22:06:27.249725,38.74,468.93,6.64
2026-08-16 22:06:27.300955,0.03,331.76,5.79
2026-08-16 22:06:27.318223,43.32,456.3,2.72
2026-08-16 22:06:27.371461,1e+31,1e+31,-1.1
2026-08-16 22:06:27.387867,59.02,474.92,3.31
2026-08-16 22:06:27.433933,0.02,366.91,-3.77
2026-08-16 22:06:27.450573,51.28,408.98,-1.79
2026-08-16 22:06:27.512219,1e+31,1e+31,4.63
2026-08-16 22:06:27.528280,45.58,443.64,-3.0
2026-08-16 22:06:27.582044,0.04,372.27,5.97
2026-08-16 22:06:27.601180,41.44,423.34,9.95
2026-08-16 22:06:27.656918,1e+31,1e+31,3.48
2026-08-16 22:06:27.672770,1e+31,457.09,0.78
2026-08-16 22:06:27.731798,1e+31,1e+31,8.86
2026-08-16 22:06:27.749224,36.45,447.05,8.3
2026-08-16 22:06:27.807326,1e+31,1e+31,0.53
2026-08-16 22:06:27.822949,48.26,431.63,-4.85
2026-08-16 22:06:27.863401,0.06,317.72,-8.31
2026-08-16 22:06:27.975245,1e+31,1e+31,7.03
2026-08-16 22:06:28.080940,1e+31,1e+31,-2.99
2026-08-16 22:06:28.154534,2.49,625.14,1.64
2026-08-16 22:06:28.208924,0.08,880.55,0.0
2026-08-16 22:06:28.259932,0.23,813.09,-8.01
2026-08-16 22:06:28.316923,1e+31,1e+31,-2.65
2026-08-16 22:06:28.333381,49.25,457.12,0.71
2026-08-16 22:06:28.390680,0.08,373.56,2.45
2026-08-16 22:06:28.409072,53.72,408.51,0.45
2026-08-16 22:06:28.457020,1e+31,1e+31,1.86
2026-08-16 22:06:28.479500,50.58,441.56,-2.34
2026-08-16 22:06:28.537762,1e+31,1e+31,4.72
2026-08-16 22:06:28.558955,39.79,413.24,0.9
2026-08-16 22:06:28.622614,1e+31,1e+31,10.66
2026-08-16 22:06:28.640566,42.97,446.98,1.06
2026-08-16 22:06:28.708652,0.03,426.59,8.5
2026-08-16 22:06:28.729690,65.09,472.39,6.78
2026-08-16 22:06:28.790851,0.1,424.79,-2.83
2026-08-16 22:06:28.813561,46.21,411.93,5.64
2026-08-16 22:06:28.869214,1e+31,1e+31,5.9
2026-08-16 22:06:28.888749,1e+31,430.42,-5.26
2026-08-16 22:06:28.948935,0.69,675.46,7.01
2026-08-16 22:06:28.964692,54.64,433.48,4.59
2026-08-16 22:06:28.986680,1e+31,1e+31,-5.66
2026-08-16 22:06:29.039290,0.04,422.04,9.42
2026-08-16 22:07:27.087545,45.7,433.93,-3.23
2026-08-16 22:07:27.163314,1e+31,1e+31,-5.58
2026-08-16 22:07:27.180090,45.68,442.72,-1.09
2026-08-16 22:07:27.231608,0.09,375.96,-4.52
2026-08-16 22:07:27.249725,38.6,431.88,-6.67
2026-08-16 22:07:27.300955,0.03,329.96,-6.25
2026-08-16 22:07:27.318223,43.32,414.15,4.2
2026-08-16 22:07:27.371461,1e+31,1e+31,-6.4
2026-08-16 22:07:27.387867,61.82,422.13,1.2
2026-08-16 22:07:27.433933,1e+31,1e+31,-7.65
2026-08-16 22:07:27.450573,51.28,406.99,2.32
2026-08-16 22:07:27.512219,1e+31,1e+31,9.63
2026-08-16 22:07:27.528280,45.8,477.31,-4.69
2026-08-16 22:07:27.582044,0.02,381.76,1.62
2026-08-16 22:07:27.601180,41.65,453.5,-1.61
2026-08-16 22:07:27.656918,1e+31,1e+31,-0.53
2026-08-16 22:07:27.672770,1e+31,435.53,-4.0
2026-08-16 22:07:27.731798,1e+31,1e+31,1.95
2026-08-16 22:07:27.749224,36.18,400.32,8.21
2026-08-16 22:07:27.807326,0.08,325.95,3.23
2026-08-16 22:07:27.822949,48.26,410.79,-2.48
2026-08-16 22:07:27.863401,0.09,318.62,-2.38
2026-08-16 22:07:27.975245,1e+31,1e+31,-2.46
2026-08-16 22:07:28.080940,1e+31,1e+31,-2.6
2026-08-16 22:07:28.154534,4.31,575.49,0.23
2026-08-16 22:07:28.208924,0.07,886.07,12.19
2026-08-16 22:07:28.259932,1e+31,1e+31,-3.57
2026-08-16 22:07:28.316923,1e+31,1e+31,5.72
2026-08-16 22:07:28.333381,49.23,382.23,-5.08
2026-08-16 22:07:28.390680,0.08,374.41,1.12
2026-08-16 22:07:28.409072,53.72,411.6,-1.2
2026-08-16 22:07:28.457020,1e+31,1e+31,3.21
2026-08-16 22:07:28.479500,50.5,416.31,-0.76
2026-08-16 22:07:28.537762,1e+31,1e+31,-4.23
2026-08-16 22:07:28.558955,39.84,408.75,8.02
2026-08-16 22:07:28.622614,1e+31,1e+31,0.48
2026-08-16 22:07:28.640566,43.06,406.11,-0.31
2026-08-16 22:07:28.708652,0.03,428.63,-9.8
2026-08-16 22:07:28.729690,65.13,397.82,-10.17
2026-08-16 22:07:28.790851,0.09,433.76,6.95
2026-08-16 22:07:28.813561,46.22,478.36,0.88
2026-08-16 22:07:28.869214,1e+31,1e+31,7.22
2026-08-16 22:07:28.888749,1e+31,475.56,5.78
2026-08-16 22:07:28.948935,0.69,682.32,-9.7
2026-08-16 22:07:28.964692,54.59,508.29,-0.92
2026-08-16 22:07:28.986680,1e+31,1e+31,-4.57
2026-08-16 22:07:29.039290,0.04,422.38,-4.39
2026-08-16 22:08:27.087545,44.98,406.58,1.99
2026-08-16 22:08:27.163314,1e+31,1e+31,4.2
2026-08-16 22:08:27.180090,45.48,449.35,0.74
2026-08-16 22:08:27.231608,0.09,377.91,8.25
2026-08-16 22:08:27.249725,38.29,451.95,-6.06
2026-08-16 22:08:27.300955,1e+31,1e+31,-1.48
2026-08-16 22:08:27.318223,43.27,398.73,3.38
2026-08-16 22:08:27.371461,1e+31,1e+31,11.63
2026-08-16 22:08:27.387867,61.82,486.36,1.1
2026-08-16 22:08:27.433933,0.02,371.11,6.79
2026-08-16 22:08:27.450573,51.28,411.24,4.24
2026-08-16 22:08:27.512219,1e+31,1e+31,-9.33
2026-08-16 22:08:27.528280,45.58,458.15,-0.94
2026-08-16 22:08:27.582044,0.03,381.11,-4.05
2026-08-16 22:08:27.601180,41.65,419.74,-2.14
2026-08-16 22:08:27.656918,1e+31,1e+31,1.57
2026-08-16 22:08:27.672770,1e+31,418.16,-8.2
2026-08-16 22:08:27.731798,1e+31,1e+31,-6.16
2026-08-16 22:08:27.749224,36.12,490.37,0.52
2026-08-16 22:08:27.807326,0.09,326.0,3.74
2026-08-16 22:08:27.822949,48.37,426.99,9.69
2026-08-16 22:08:27.863401,0.08,313.35,-4.41
2026-08-16 22:08:27.975245,1e+31,1e+31,-5.16
2026-08-16 22:08:28.080940,1e+31,1e+31,-2.98
2026-08-16 22:08:28.154534,4.51,574.94,0.71
2026-08-16 22:08:28.208924,0.08,889.43,3.54
2026-08-16 22:08:28.259932,0.24,813.58,-4.45
2026-08-16 22:08:28.316923,1e+31,1e+31,2.4
2026-08-16 22:08:28.333381,49.2,423.3,0.97
2026-08-16 22:08:28.390680,1e+31,1e+31,2.96
2026-08-16 22:08:28.409072,53.72,473.0,1.36
2026-08-16 22:08:28.457020,1e+31,1e+31,2.7
2026-08-16 22:08:28.479500,50.42,441.04,0.6
2026-08-16 22:08:28.537762,1e+31,1e+31,2.86
2026-08-16 22:08:28.558955,39.88,414.4,3.04
2026-08-16 22:08:28.622614,1e+31,1e+31,2.52
2026-08-16 22:08:28.640566,43.14,407.22,-6.94
2026-08-16 22:08:28.708652,0.03,427.92,-5.25
2026-08-16 22:08:28.729690,65.17,393.23,-0.71
2026-08-16 22:08:28.790851,0.11,423.0,-4.0
2026-08-16 22:08:28.813561,46.22,454.01,0.72
2026-08-16 22:08:28.869214,1e+31,1e+31,-0.71
2026-08-16 22:08:28.888749,1e+31,439.35,-3.25
2026-08-16 22:08:28.948935,1e+31,1e+31,-0.38
2026-08-16 22:08:28.964692,54.54,471.49,-1.14
2026-08-16 22:08:28.986680,1e+31,1e+31,-3.11
2026-08-16 22:08:29.039290,0.04,422.05,4.02
2026-08-16 22:09:27.087545,45.7,386.7,0.74
2026-08-16 22:09:27.163314,0.1,398.39,-5.49
2026-08-16 22:09:27.180090,44.77,400.8,1.66
2026-08-16 22:09:27.231608,0.09,377.57,-1.71
2026-08-16 22:09:27.249725,38.29,464.17,6.23
2026-08-16 22:09:27.300955,0.03,332.1,-4.65
2026-08-16 22:09:27.318223,43.17,430.88,5.39
2026-08-16 22:09:27.371461,1e+31,1e+31,-1.37
2026-08-16 22:09:27.387867,61.82,421.26,0.02
2026-08-16 22:09:27.433933,0.03,355.45,-1.57
2026-08-16 22:09:27.450573,50.11,413.74,-0.93
2026-08-16 22:09:27.512219,1e+31,1e+31,-9.3
2026-08-16 22:09:27.528280,45.58,402.12,2.12
2026-08-16 22:09:27.582044,1e+31,1e+31,1.94
2026-08-16 22:09:27.601180,41.44,396.96,-4.09
2026-08-16 22:09:27.656918,1e+31,1e+31,-3.53
2026-08-16 22:09:27.672770,1e+31,389.06,3.73
2026-08-16 22:09:27.731798,1e+31,1e+31,-1.25
2026-08-16 22:09:27.749224,35.9,396.87,-0.18
2026-08-16 22:09:27.807326,1e+31,1e+31,0.74
2026-08-16 22:09:27.822949,48.68,474.67,-5.25
2026-08-16 22:09:27.863401,0.06,305.19,-1.19
2026-08-16 22:09:27.975245,1e+31,1e+31,7.04
2026-08-16 22:09:28.080940,1e+31,1e+31,-3.52
2026-08-16 22:09:28.154534,4.51,574.38,-6.89
2026-08-16 22:09:28.208924,0.07,892.07,-3.57
2026-08-16 22:09:28.259932,1e+31,1e+31,0.7
2026-08-16 22:09:28.316923,1e+31,1e+31,1.38
2026-08-16 22:09:28.333381,49.18,433.96,-3.52
2026-08-16 22:09:28.390680,0.07,380.99,-0.65
2026-08-16 22:09:28.409072,53.71,385.89,-1.92
2026-08-16 22:09:28.457020,1e+31,1e+31,-2.71
2026-08-16 22:09:28.479500,50.34,421.28,-1.79
2026-08-16 22:09:28.537762,1e+31,1e+31,-1.9
2026-08-16 22:09:28.558955,39.93,441.83,-6.58
2026-08-16 22:09:28.622614,1e+31,1e+31,3.74
2026-08-16 22:09:28.640566,43.23,453.85,3.43
2026-08-16 22:09:28.708652,0.03,424.63,-4.49
2026-08-16 22:09:28.729690,65.21,421.76,-2.82
2026-08-16 22:09:28.790851,0.09,423.46,-3.76
2026-08-16 22:09:28.813561,46.22,428.79,1.35
2026-08-16 22:09:28.869214,1e+31,1e+31,-4.23
2026-08-16 22:09:28.888749,1e+31,391.87,6.18
2026-08-16 22:09:28.948935,0.67,679.33,-2.42
2026-08-16 22:09:28.964692,54.48,420.34,-6.87
2026-08-16 22:09:28.986680,1e+31,1e+31,-3.43
2026-08-16 22:09:29.039290,0.03,422.18,7.55
2026-08-16 22:10:27.087545,45.7,412.53,6.08
2026-08-16 22:10:27.163314,0.08,407.36,-0.81
2026-08-16 22:10:27.180090,44.77,393.58,-7.15
2026-08-16 22:10:27.231608,0.08,374.29,-0.45
2026-08-16 22:10:27.249725,38.23,406.24,6.91
2026-08-16 22:10:27.300955,0.03,330.75,-2.17
2026-08-16 22:10:27.318223,42.95,421.25,-3.03
2026-08-16 22:10:27.371461,1e+31,1e+31,1.19
2026-08-16 22:10:27.387867,62.3,437.22,2.43
2026-08-16 22:10:27.433933,1e+31,1e+31,9.18
2026-08-16 22:10:27.450573,50.11,402.66,-0.94
2026-08-16 22:10:27.512219,1e+31,1e+31,7.32
2026-08-16 22:10:27.528280,45.71,448.64,-2.24
2026-08-16 22:10:27.582044,1e+31,1e+31,-3.45
2026-08-16 22:10:27.601180,41.44,476.7,-5.03
2026-08-16 22:10:27.656918,1e+31,1e+31,5.83
2026-08-16 22:10:27.672770,1e+31,404.67,-0.04
2026-08-16 22:10:27.731798,1e+31,1e+31,-2.53
2026-08-16 22:10:27.749224,35.68,392.46,-0.2
2026-08-16 22:10:27.807326,0.14,329.19,9.39
2026-08-16 22:10:27.822949,48.68,399.62,-4.32
2026-08-16 22:10:27.863401,0.07,316.98,0.35
2026-08-16 22:10:27.975245,1e+31,1e+31,-8.51
2026-08-16 22:10:28.080940,1e+31,1e+31,7.58
2026-08-16 22:10:28.154534,2.47,626.41,-5.51
2026-08-16 22:10:28.208924,0.1,866.2,11.56
2026-08-16 22:10:28.259932,0.24,812.81,-4.3
2026-08-16 22:10:28.316923,1e+31,1e+31,-5.61
2026-08-16 22:10:28.333381,49.16,423.63,-10.14
2026-08-16 22:10:28.390680,0.07,380.54,2.52
2026-08-16 22:10:28.409072,53.71,460.49,-1.8
2026-08-16 22:10:28.457020,1e+31,1e+31,-1.21
2026-08-16 22:10:28.479500,50.26,400.44,-2.36
2026-08-16 22:10:28.537762,1e+31,1e+31,2.93
2026-08-16 22:10:28.558955,39.97,413.75,-3.89
2026-08-16 22:10:28.622614,1e+31,1e+31,-5.27
2026-08-16 22:10:28.640566,43.32,449.76,6.55
2026-08-16 22:10:28.708652,0.03,424.85,0.18
2026-08-16 22:10:28.729690,65.25,422.37,-0.82
2026-08-16 22:10:28.790851,0.08,433.26,-0.46
2026-08-16 22:10:28.813561,46.22,422.09,-0.81
2026-08-16 22:10:28.869214,1e+31,1e+31,-4.54
2026-08-16 22:10:28.888749,1e+31,477.44,3.88
2026-08-16 22:10:28.948935,0.58,685.55,10.38
2026-08-16 22:10:28.964692,54.43,455.6,2.46
2026-08-16 22:10:28.986680,1e+31,1e+31,-3.16
2026-08-16 22:10:29.039290,0.04,421.45,3.66
2026-08-16 22:11:27.087545,45.7,436.03,8.35
2026-08-16 22:11:27.163314,0.09,407.35,0.88
2026-08-16 22:11:27.180090,44.77,407.05,-6.69
2026-08-16 22:11:27.231608,0.09,371.9,-2.05
2026-08-16 22:11:27.249725,38.23,449.5,2.21
2026-08-16 22:11:27.300955,0.04,330.23,-8.57
2026-08-16 22:11:27.318223,41.77,442.34,-4.24
2026-08-16 22:11:27.371461,1e+31,1e+31,-5.94
2026-08-16 22:11:27.387867,62.86,446.82,-0.43
2026-08-16 22:11:27.433933,0.03,357.81,6.18
2026-08-16 22:11:27.450573,50.11,392.03,-5.94
2026-08-16 22:11:27.512219,1e+31,1e+31,4.38
2026-08-16 22:11:27.528280,45.92,450.56,-1.91
2026-08-16 22:11:27.582044,1e+31,1e+31,-3.08
2026-08-16 22:11:27.601180,41.44,449.0,1.78
2026-08-16 22:11:27.656918,1e+31,1e+31,-1.37
2026-08-16 22:11:27.672770,1e+31,528.8,-5.83
2026-08-16 22:11:27.731798,1e+31,1e+31,-2.15
2026-08-16 22:11:27.749224,35.68,414.49,-2.94
2026-08-16 22:11:27.807326,1e+31,1e+31,-0.75
2026-08-16 22:11:27.822949,48.68,449.78,3.02
2026-08-16 22:11:27.863401,0.07,323.11,7.54
2026-08-16 22:11:27.975245,1e+31,1e+31,-8.1
2026-08-16 22:11:28.080940,1e+31,1e+31,1.95
2026-08-16 22:11:28.154534,4.06,583.43,0.99
2026-08-16 22:11:28.208924,1e+31,1e+31,4.18
2026-08-16 22:11:28.259932,1e+31,1e+31,-0.34
2026-08-16 22:11:28.316923,0.18,563.05,7.86
2026-08-16 22:11:28.333381,49.14,411.92,-0.17
2026-08-16 22:11:28.390680,0.08,377.12,6.43
2026-08-16 22:11:28.409072,53.71,459.83,0.53
2026-08-16 22:11:28.457020,1e+31,1e+31,-0.41
2026-08-16 22:11:28.479500,50.18,457.16,2.65
2026-08-16 22:11:28.537762,1e+31,1e+31,1.98
2026-08-16 22:11:28.558955,40.01,423.43,2.34
2026-08-16 22:11:28.622614,0.15,453.01,-6.78
2026-08-16 22:11:28.640566,43.4,399.31,0.44
2026-08-16 22:11:28.708652,0.03,424.58,1.61
2026-08-16 22:11:28.729690,65.3,458.61,-6.9
2026-08-16 22:11:28.790851,0.09,424.05,6.95
2026-08-16 22:11:28.813561,46.22,455.24,-1.85
2026-08-16 22:11:28.869214,1e+31,1e+31,-5.43
2026-08-16 22:11:28.888749,1e+31,387.14,0.15
2026-08-16 22:11:28.948935,0.67,684.81,-2.51
2026-08-16 22:11:28.964692,54.37,395.05,-4.11
2026-08-16 22:11:28.986680,1e+31,1e+31,-3.38
2026-08-16 22:11:29.039290,0.04,421.87,-6.42
2026-08-16 22:12:27.087545,45.7,402.24,-1.49
2026-08-16 22:12:27.163314,1e+31,1e+31,0.8
2026-08-16 22:12:27.180090,44.77,438.69,4.83
2026-08-16 22:12:27.231608,0.08,378.59,-6.12
2026-08-16 22:12:27.249725,38.19,415.36,-9.3
2026-08-16 22:12:27.300955,0.04,333.22,-4.99
2026-08-16 22:12:27.318223,41.57,419.01,-12.21
2026-08-16 22:12:27.371461,1e+31,1e+31,1.6
2026-08-16 22:12:27.387867,63.12,476.61,7.93
2026-08-16 22:12:27.433933,1e+31,1e+31,1.9
2026-08-16 22:12:27.450573,50.11,415.15,-6.02
2026-08-16 22:12:27.512219,1e+31,1e+31,-4.25
2026-08-16 22:12:27.528280,45.73,423.01,4.52
2026-08-16 22:12:27.582044,1e+31,1e+31,-4.07
2026-08-16 22:12:27.601180,41.72,454.99,-3.9
2026-08-16 22:12:27.656918,0.13,327.89,0.52
2026-08-16 22:12:27.672770,1e+31,380.53,8.29
2026-08-16 22:12:27.731798,1e+31,1e+31,3.65
2026-08-16 22:12:27.749224,35.68,409.79,1.18
2026-08-16 22:12:27.807326,0.09,331.16,-0.66
2026-08-16 22:12:27.822949,48.26,435.97,-5.39
2026-08-16 22:12:27.863401,1e+31,1e+31,-5.25
2026-08-16 22:12:27.975245,1e+31,1e+31,-2.09
2026-08-16 22:12:28.080940,0.07,404.53,3.57
2026-08-16 22:12:28.154534,1e+31,1e+31,-2.25
2026-08-16 22:12:28.208924,0.08,878.42,-2.38
2026-08-16 22:12:28.259932,0.23,813.44,7.4
2026-08-16 22:12:28.316923,0.16,563.94,-3.56
2026-08-16 22:12:28.333381,49.11,368.34,-1.65
2026-08-16 22:12:28.390680,0.09,375.1,-3.89
2026-08-16 22:12:28.409072,53.7,428.99,-3.37
2026-08-16 22:12:28.457020,1e+31,1e+31,2.52
2026-08-16 22:12:28.479500,50.1,438.08,-6.19
2026-08-16 22:12:28.537762,1e+31,1e+31,-1.49
2026-08-16 22:12:28.558955,40.06,473.57,-1.19
2026-08-16 22:12:28.622614,0.22,451.65,5.14
2026-08-16 22:12:28.640566,43.49,448.09,1.53
2026-08-16 22:12:28.708652,0.02,426.37,0.15
2026-08-16 22:12:28.729690,65.34,390.11,-4.81
2026-08-16 22:12:28.790851,0.1,423.75,-0.35
2026-08-16 22:12:28.813561,46.23,449.32,5.25
2026-08-16 22:12:28.869214,1e+31,1e+31,-3.4
2026-08-16 22:12:28.888749,1e+31,447.27,-2.19
2026-08-16 22:12:28.948935,0.62,686.93,-0.39
2026-08-16 22:12:28.964692,54.31,472.91,-1.67
2026-08-16 22:12:28.986680,1e+31,1e+31,-3.81
2026-08-16 22:12:29.039290,0.04,422.45,5.63
2026-08-16 22:13:27.087545,45.7,412.64,2.37
2026-08-16 22:13:27.163314,1e+31,1e+31,2.55
2026-08-16 22:13:27.180090,44.77,429.86,1.63
2026-08-16 22:13:27.231608,0.09,375.08,-3.19
2026-08-16 22:13:27.249725,38.19,467.26,1.02
2026-08-16 22:13:27.300955,0.05,332.45,2.51
2026-08-16 22:13:27.318223,41.52,385.37,-4.94
2026-08-16 22:13:27.371461,1e+31,1e+31,-3.96
2026-08-16 22:13:27.387867,63.12,453.17,-3.85
2026-08-16 22:13:27.433933,0.03,362.95,-0.52
2026-08-16 22:13:27.450573,51.21,412.07,9.24
2026-08-16 22:13:27.512219,1e+31,1e+31,-7.76
2026-08-16 22:13:27.528280,45.71,366.62,6.46
2026-08-16 22:13:27.582044,1e+31,1e+31,0.81
2026-08-16 22:13:27.601180,41.72,437.56,-3.05
2026-08-16 22:13:27.656918,1e+31,1e+31,-3.26
2026-08-16 22:13:27.672770,1e+31,435.57,-4.21
2026-08-16 22:13:27.731798,1e+31,1e+31,4.3
2026-08-16 22:13:27.749224,35.31,449.61,9.63
2026-08-16 22:13:27.807326,1e+31,1e+31,9.18
2026-08-16 22:13:27.822949,48.26,432.86,2.97
2026-08-16 22:13:27.863401,0.08,308.81,-1.11
2026-08-16 22:13:27.975245,1e+31,1e+31,-0.49
2026-08-16 22:13:28.080940,1e+31,1e+31,-1.85
2026-08-16 22:13:28.154534,3.35,604.2,0.53
2026-08-16 22:13:28.208924,1e+31,1e+31,-7.36
2026-08-16 22:13:28.259932,1e+31,1e+31,-4.56
2026-08-16 22:13:28.316923,0.17,564.83,-2.52
2026-08-16 22:13:28.333381,49.09,463.46,2.99
2026-08-16 22:13:28.390680,0.08,380.36,2.07
2026-08-16 22:13:28.409072,53.7,482.33,-2.95
2026-08-16 22:13:28.457020,1e+31,1e+31,-4.63
2026-08-16 22:13:28.479500,50.02,389.88,0.48
2026-08-16 22:13:28.537762,1e+31,1e+31,9.58
2026-08-16 22:13:28.558955,40.1,452.73,-1.37
2026-08-16 22:13:28.622614,1e+31,1e+31,3.93
2026-08-16 22:13:28.640566,43.58,478.97,3.21
2026-08-16 22:13:28.708652,0.03,425.48,-5.37
2026-08-16 22:13:28.729690,65.39,456.35,-5.26
2026-08-16 22:13:28.790851,0.08,435.72,-1.02
2026-08-16 22:13:28.813561,46.23,362.79,6.81
2026-08-16 22:13:28.869214,1e+31,1e+31,5.05
2026-08-16 22:13:28.888749,1e+31,487.2,5.23
2026-08-16 22:13:28.948935,0.72,683.98,-2.45
2026-08-16 22:13:28.964692,54.26,434.67,6.7
2026-08-16 22:13:28.986680,1e+31,1e+31,-3.72
2026-08-16 22:13:29.039290,0.04,419.98,-8.5
2026-08-16 22:14:27.087545,45.6,401.44,4.06
2026-08-16 22:14:27.163314,1e+31,1e+31,5.39
2026-08-16 22:14:27.180090,44.77,427.33,-2.37
2026-08-16 22:14:27.231608,0.08,376.54,8.53
2026-08-16 22:14:27.249725,38.29,440.41,-0.46
2026-08-16 22:14:27.300955,0.02,335.15,13.3
2026-08-16 22:14:27.318223,41.15,430.49,-0.71
2026-08-16 22:14:27.371461,1e+31,1e+31,-5.37
2026-08-16 22:14:27.387867,63.87,423.56,4.89
2026-08-16 22:14:27.433933,0.02,369.7,-7.66
2026-08-16 22:14:27.450573,51.21,449.43,0.44
2026-08-16 22:14:27.512219,1e+31,1e+31,-8.51
2026-08-16 22:14:27.528280,45.44,497.5,0.68
2026-08-16 22:14:27.582044,1e+31,1e+31,-11.0
2026-08-16 22:14:27.601180,41.33,393.02,2.93
2026-08-16 22:14:27.656918,1e+31,1e+31,2.23
2026-08-16 22:14:27.672770,1e+31,453.41,0.53
2026-08-16 22:14:27.731798,1e+31,1e+31,-0.1
2026-08-16 22:14:27.749224,35.31,448.19,0.48
2026-08-16 22:14:27.807326,1e+31,1e+31,-2.13
2026-08-16 22:14:27.822949,1e+31,441.37,3.02
2026-08-16 22:14:27.863401,0.08,308.26,2.29
2026-08-16 22:14:27.975245,1e+31,1e+31,7.99
2026-08-16 22:14:28.080940,1e+31,1e+31,-6.93
2026-08-16 22:14:28.154534,3.43,599.77,-3.97
2026-08-16 22:14:28.208924,0.08,887.28,7.68
2026-08-16 22:14:28.259932,0.24,814.32,-1.37
2026-08-16 22:14:28.316923,0.17,563.81,-1.2
2026-08-16 22:14:28.333381,49.06,432.7,-0.65
2026-08-16 22:14:28.390680,0.07,377.72,-7.61
2026-08-16 22:14:28.409072,53.69,434.38,-3.52
2026-08-16 22:14:28.457020,1e+31,1e+31,0.53
2026-08-16 22:14:28.479500,49.94,399.96,3.36
2026-08-16 22:14:28.537762,1e+31,1e+31,0.12
2026-08-16 22:14:28.558955,40.15,428.61,1.53
2026-08-16 22:14:28.622614,0.19,452.34,0.83
2026-08-16 22:14:28.640566,43.66,401.07,6.14
2026-08-16 22:14:28.708652,0.02,428.55,-2.51
2026-08-16 22:14:28.729690,65.43,443.38,-3.18
2026-08-16 22:14:28.790851,0.09,433.98,-0.69
2026-08-16 22:14:28.813561,46.23,406.3,-8.03
2026-08-16 22:14:28.869214,1e+31,1e+31,6.64
2026-08-16 22:14:28.888749,1e+31,441.37,1.04
2026-08-16 22:14:28.948935,0.7,675.1,-4.14
2026-08-16 22:14:28.964692,54.2,414.79,6.05
2026-08-16 22:14:28.986680,1e+31,1e+31,3.11
2026-08-16 22:14:29.039290,0.04,422.18,4.28
2026-08-16 22:15:27.087545,45.36,448.19,2.16
2026-08-16 22:15:27.163314,1e+31,1e+31,-1.17
2026-08-16 22:15:27.180090,44.76,476.28,0.72
2026-08-16 22:15:27.231608,0.08,373.02,-6.33
2026-08-16 22:15:27.249725,38.58,387.43,-1.48
2026-08-16 22:15:27.300955,0.03,333.36,-10.09
2026-08-16 22:15:27.318223,41.15,467.58,6.33
2026-08-16 22:15:27.371461,1e+31,1e+31,-4.39
2026-08-16 22:15:27.387867,62.86,407.62,0.51
2026-08-16 22:15:27.433933,1e+31,1e+31,5.94
2026-08-16 22:15:27.450573,51.21,432.59,-2.09
2026-08-16 22:15:27.512219,1e+31,1e+31,-8.78
2026-08-16 22:15:27.528280,45.7,426.3,0.79
2026-08-16 22:15:27.582044,1e+31,1e+31,2.13
2026-08-16 22:15:27.601180,41.64,468.43,0.07
2026-08-16 22:15:27.656918,1e+31,1e+31,1.74
2026-08-16 22:15:27.672770,1e+31,444.55,0.06
2026-08-16 22:15:27.731798,1e+31,1e+31,0.2
2026-08-16 22:15:27.749224,35.53,461.33,-4.06
2026-08-16 22:15:27.807326,0.08,327.27,3.46
2026-08-16 22:15:27.822949,1e+31,434.48,-0.35
2026-08-16 22:15:27.863401,0.07,313.26,-1.6
2026-08-16 22:15:27.975245,0.06,464.23,5.11
2026-08-16 22:15:28.080940,1e+31,1e+31,-1.23
2026-08-16 22:15:28.154534,3.43,596.4,-2.22
2026-08-16 22:15:28.208924,1e+31,1e+31,1.38
2026-08-16 22:15:28.259932,1e+31,1e+31,0.89
2026-08-16 22:15:28.316923,0.17,563.29,6.61
2026-08-16 22:15:28.333381,49.03,433.56,2.05
2026-08-16 22:15:28.390680,0.07,379.63,-7.64
2026-08-16 22:15:28.409072,53.69,379.17,5.06
2026-08-16 22:15:28.457020,1e+31,1e+31,6.18
2026-08-16 22:15:28.479500,49.85,449.37,3.96
2026-08-16 22:15:28.537762,1e+31,1e+31,-1.08
2026-08-16 22:15:28.558955,40.19,423.94,-2.38
2026-08-16 22:15:28.622614,0.19,451.93,4.1
2026-08-16 22:15:28.640566,43.75,455.95,5.85
2026-08-16 22:15:28.708652,0.03,425.87,-3.87
2026-08-16 22:15:28.729690,65.48,422.7,-3.61
2026-08-16 22:15:28.790851,0.08,433.83,-1.23
2026-08-16 22:15:28.813561,46.23,447.78,-0.91
2026-08-16 22:15:28.869214,1e+31,1e+31,0.96
2026-08-16 22:15:28.888749,1e+31,460.47,-6.37
2026-08-16 22:15:28.948935,0.73,686.67,3.69
2026-08-16 22:15:28.964692,54.14,405.02,-7.26
2026-08-16 22:15:28.986680,1e+31,1e+31,-0.91
2026-08-16 22:15:29.039290,0.03,419.71,1.08
2026-08-16 22:16:27.087545,45.38,421.56,11.38
2026-08-16 22:16:27.163314,1e+31,1e+31,-9.23
2026-08-16 22:16:27.180090,44.77,453.11,-1.68
2026-08-16 22:16:27.231608,0.08,372.1,-2.73
2026-08-16 22:16:27.249725,38.67,428.08,-5.31
2026-08-16 22:16:27.300955,0.04,332.24,3.66
2026-08-16 22:16:27.318223,41.15,404.41,8.48
2026-08-16 22:16:27.371461,1e+31,1e+31,-1.01
2026-08-16 22:16:27.387867,62.86,444.58,-0.25
2026-08-16 22:16:27.433933,0.02,366.41,-1.61
2026-08-16 22:16:27.450573,53.48,439.01,2.91
2026-08-16 22:16:27.512219,1e+31,1e+31,-4.61
2026-08-16 22:16:27.528280,45.7,403.52,1.52
2026-08-16 22:16:27.582044,1e+31,1e+31,-0.64
2026-08-16 22:16:27.601180,41.62,445.65,-2.17
2026-08-16 22:16:27.656918,1e+31,1e+31,-2.5
2026-08-16 22:16:27.672770,1e+31,398.32,1.68
2026-08-16 22:16:27.731798,1e+31,1e+31,4.3
2026-08-16 22:16:27.749224,35.68,442.53,5.26
2026-08-16 22:16:27.807326,1e+31,1e+31,2.46
2026-08-16 22:16:27.822949,1e+31,453.16,1.11
2026-08-16 22:16:27.863401,0.07,307.44,-5.73
2026-08-16 22:16:27.975245,1e+31,1e+31,-5.31
2026-08-16 22:16:28.080940,1e+31,1e+31,-5.38
2026-08-16 22:16:28.154534,3.94,586.36,5.14
2026-08-16 22:16:28.208924,0.07,893.91,-4.76
2026-08-16 22:16:28.259932,0.23,813.52,-4.87
2026-08-16 22:16:28.316923,0.17,564.61,-2.46
2026-08-16 22:16:28.333381,49.01,419.19,-6.86
2026-08-16 22:16:28.390680,0.06,381.98,-5.79
2026-08-16 22:16:28.409072,53.69,425.83,1.72
2026-08-16 22:16:28.457020,1e+31,1e+31,-4.93
2026-08-16 22:16:28.479500,49.77,440.93,3.83
2026-08-16 22:16:28.537762,1e+31,1e+31,0.2
2026-08-16 22:16:28.558955,40.23,441.15,-10.06
2026-08-16 22:16:28.622614,0.22,451.76,-7.84
2026-08-16 22:16:28.640566,43.84,389.68,6.96
2026-08-16 22:16:28.708652,0.03,429.76,8.19
2026-08-16 22:16:28.729690,65.52,418.15,0.54
2026-08-16 22:16:28.790851,0.09,430.26,5.72
2026-08-16 22:16:28.813561,46.24,461.91,5.14
2026-08-16 22:16:28.869214,1e+31,1e+31,1.32
2026-08-16 22:16:28.888749,1e+31,444.5,-2.8
2026-08-16 22:16:28.948935,0.56,686.19,-0.9
2026-08-16 22:16:28.964692,54.08,399.6,-7.15
2026-08-16 22:16:28.986680,1e+31,1e+31,6.05
2026-08-16 22:16:29.039290,0.04,421.61,-4.97
2026-08-16 22:17:27.087545,45.38,398.15,-2.12
2026-08-16 22:17:27.163314,1e+31,1e+31,4.35
2026-08-16 22:17:27.180090,44.83,397.73,-3.83
2026-08-16 22:17:27.231608,0.08,375.31,-0.44
2026-08-16 22:17:27.249725,38.87,374.69,3.41
2026-08-16 22:17:27.300955,0.05,333.07,-7.03
2026-08-16 22:17:27.318223,41.15,465.59,-3.86
2026-08-16 22:17:27.371461,1e+31,1e+31,-4.52
2026-08-16 22:17:27.387867,62.86,489.22,11.73
2026-08-16 22:17:27.433933,0.03,364.71,-2.54
2026-08-16 22:17:27.450573,55.35,445.36,5.02
2026-08-16 22:17:27.512219,1e+31,1e+31,5.41
2026-08-16 22:17:27.528280,45.71,430.22,-5.86
2026-08-16 22:17:27.582044,1e+31,1e+31,3.62
2026-08-16 22:17:27.601180,41.62,396.47,-3.22
2026-08-16 22:17:27.656918,1e+31,1e+31,2.27
2026-08-16 22:17:27.672770,1e+31,422.76,-2.94
2026-08-16 22:17:27.731798,1e+31,1e+31,-3.13
2026-08-16 22:17:27.749224,35.76,428.62,-3.66
2026-08-16 22:17:27.807326,1e+31,1e+31,1.78
2026-08-16 22:17:27.822949,1e+31,446.42,-1.71
2026-08-16 22:17:27.863401,0.07,312.32,7.13
2026-08-16 22:17:27.975245,1e+31,1e+31,3.66
2026-08-16 22:17:28.080940,1e+31,1e+31,2.2
2026-08-16 22:17:28.154534,4.45,576.76,-6.41
2026-08-16 22:17:28.208924,1e+31,1e+31,-5.49
2026-08-16 22:17:28.259932,1e+31,1e+31,-3.18
2026-08-16 22:17:28.316923,0.17,564.41,-3.15
2026-08-16 22:17:28.333381,48.98,391.64,1.84
2026-08-16 22:17:28.390680,0.07,381.67,-3.46
2026-08-16 22:17:28.409072,53.68,452.84,-8.33
2026-08-16 22:17:28.457020,1e+31,1e+31,-1.05
2026-08-16 22:17:28.479500,49.68,467.0,1.17
2026-08-16 22:17:28.537762,1e+31,1e+31,-3.94
2026-08-16 22:17:28.558955,40.28,384.05,-2.19
2026-08-16 22:17:28.622614,1e+31,1e+31,-2.52
2026-08-16 22:17:28.640566,43.92,457.96,3.99
2026-08-16 22:17:28.708652,0.03,425.34,-3.19
2026-08-16 22:17:28.729690,65.57,394.5,-0.09
2026-08-16 22:17:28.790851,0.08,433.53,1.06
2026-08-16 22:17:28.813561,46.24,423.15,-1.43
2026-08-16 22:17:28.869214,1e+31,1e+31,-0.26
2026-08-16 22:17:28.888749,1e+31,464.92,-0.93
2026-08-16 22:17:28.948935,0.7,691.11,2.57
2026-08-16 22:17:28.964692,54.02,402.85,-5.28
2026-08-16 22:17:28.986680,1e+31,1e+31,-8.51
2026-08-16 22:17:29.039290,0.04,420.63,13.26
2026-08-16 22:18:27.087545,45.38,441.63,-0.32
2026-08-16 22:18:27.163314,1e+31,1e+31,-4.07
2026-08-16 22:18:27.180090,44.83,431.2,1.08
2026-08-16 22:18:27.231608,0.08,377.94,-6.41
2026-08-16 22:18:27.249725,38.89,477.15,3.31
2026-08-16 22:18:27.300955,0.03,332.09,7.69
2026-08-16 22:18:27.318223,41.57,398.3,6.33
2026-08-16 22:18:27.371461,1e+31,1e+31,2.07
2026-08-16 22:18:27.387867,62.86,421.08,-2.95
2026-08-16 22:18:27.433933,0.03,359.8,-3.53
2026-08-16 22:18:27.450573,55.84,417.94,1.16
2026-08-16 22:18:27.512219,1e+31,1e+31,8.05
2026-08-16 22:18:27.528280,45.72,402.76,-0.12
2026-08-16 22:18:27.582044,1e+31,1e+31,0.96
2026-08-16 22:18:27.601180,41.62,481.85,4.16
2026-08-16 22:18:27.656918,1e+31,1e+31,0.62
2026-08-16 22:18:27.672770,1e+31,431.55,4.11
2026-08-16 22:18:27.731798,1e+31,1e+31,-4.49
2026-08-16 22:18:27.749224,35.84,426.78,-7.04
2026-08-16 22:18:27.807326,1e+31,1e+31,-2.05
2026-08-16 22:18:27.822949,1e+31,418.4,1.68
2026-08-16 22:18:27.863401,0.08,304.66,-0.91
2026-08-16 22:18:27.975245,0.05,465.86,-4.9
2026-08-16 22:18:28.080940,1e+31,1e+31,2.3
2026-08-16 22:18:28.154534,1e+31,1e+31,-3.91
2026-08-16 22:18:28.208924,0.07,903.39,0.17
2026-08-16 22:18:28.259932,0.23,812.89,-4.74
2026-08-16 22:18:28.316923,0.14,563.67,5.26
2026-08-16 22:18:28.333381,48.96,390.09,5.73
2026-08-16 22:18:28.390680,0.06,383.89,-3.61
2026-08-16 22:18:28.409072,53.68,443.22,4.75
2026-08-16 22:18:28.457020,1e+31,1e+31,-0.19
2026-08-16 22:18:28.479500,49.6,406.95,3.63
2026-08-16 22:18:28.537762,1e+31,1e+31,-1.2
2026-08-16 22:18:28.558955,40.32,376.71,3.4
2026-08-16 22:18:28.622614,0.23,451.7,-4.03
2026-08-16 22:18:28.640566,44.01,423.25,1.51
2026-08-16 22:18:28.708652,0.03,426.23,-0.94
2026-08-16 22:18:28.729690,65.61,451.31,8.77
2026-08-16 22:18:28.790851,0.09,435.97,-8.3
2026-08-16 22:18:28.813561,46.24,405.77,-1.44
2026-08-16 22:18:28.869214,1e+31,1e+31,3.92
2026-08-16 22:18:28.888749,1e+31,419.58,7.83
2026-08-16 22:18:28.948935,0.5,686.82,-0.04
2026-08-16 22:18:28.964692,53.96,427.77,-4.49
2026-08-16 22:18:28.986680,1e+31,1e+31,-6.09
2026-08-16 22:18:29.039290,0.04,422.37,4.08
2026-08-16 22:19:27.087545,45.38,492.77,0.95
2026-08-16 22:19:27.163314,1e+31,1e+31,10.78
2026-08-16 22:19:27.180090,44.73,405.33,-1.75
2026-08-16 22:19:27.231608,0.08,377.52,-0.13
2026-08-16 22:19:27.249725,39.14,462.84,-8.45
2026-08-16 22:19:27.300955,0.05,325.73,-7.0
2026-08-16 22:19:27.318223,41.66,427.3,-2.21
2026-08-16 22:19:27.371461,1e+31,1e+31,-1.67
2026-08-16 22:19:27.387867,59.78,463.87,-4.04
2026-08-16 22:19:27.433933,1e+31,1e+31,-2.45
2026-08-16 22:19:27.450573,55.93,421.03,-0.52
2026-08-16 22:19:27.512219,1e+31,1e+31,-2.96
2026-08-16 22:19:27.528280,45.73,424.64,1.87
2026-08-16 22:19:27.582044,0.07,365.81,6.64
2026-08-16 22:19:27.601180,41.51,456.75,-2.62
2026-08-16 22:19:27.656918,0.13,326.13,4.19
2026-08-16 22:19:27.672770,1e+31,400.59,4.98
2026-08-16 22:19:27.731798,1e+31,1e+31,1.22
2026-08-16 22:19:27.749224,35.85,413.55,-5.69
2026-08-16 22:19:27.807326,1e+31,1e+31,6.86
2026-08-16 22:19:27.822949,1e+31,467.33,-5.1
2026-08-16 22:19:27.863401,0.08,312.21,-4.5
2026-08-16 22:19:27.975245,1e+31,1e+31,-4.37
2026-08-16 22:19:28.080940,1e+31,1e+31,-5.68
2026-08-16 22:19:28.154534,3.51,593.05,-3.97
2026-08-16 22:19:28.208924,1e+31,1e+31,-0.02
2026-08-16 22:19:28.259932,1e+31,1e+31,-2.8
2026-08-16 22:19:28.316923,0.14,564.66,3.08
2026-08-16 22:19:28.333381,48.93,405.1,0.39
2026-08-16 22:19:28.390680,0.07,385.54,-1.25
2026-08-16 22:19:28.409072,53.67,457.06,4.27
2026-08-16 22:19:28.457020,1e+31,1e+31,2.53
2026-08-16 22:19:28.479500,49.51,416.85,4.07
2026-08-16 22:19:28.537762,1e+31,1e+31,-2.16
2026-08-16 22:19:28.558955,40.37,411.38,4.46
2026-08-16 22:19:28.622614,1e+31,1e+31,-6.39
2026-08-16 22:19:28.640566,44.1,404.91,4.03
2026-08-16 22:19:28.708652,0.03,422.87,-6.46
2026-08-16 22:19:28.729690,65.66,389.01,-13.82
2026-08-16 22:19:28.790851,0.11,434.55,-2.98
2026-08-16 22:19:28.813561,46.24,413.59,-10.42
2026-08-16 22:19:28.869214,1e+31,1e+31,-1.32
2026-08-16 22:19:28.888749,1e+31,514.2,-8.71
2026-08-16 22:19:28.948935,0.57,687.97,0.76
2026-08-16 22:19:28.964692,53.89,421.39,-1.6
2026-08-16 22:19:28.986680,1e+31,1e+31,0.12
2026-08-16 22:19:29.039290,0.03,420.61,-3.03
2026-08-16 22:20:27.087545,45.21,419.79,-8.49
2026-08-16 22:20:27.163314,1e+31,1e+31,0.1
2026-08-16 22:20:27.180090,44.51,419.84,1.43
2026-08-16 22:20:27.231608,0.08,378.64,5.4
2026-08-16 22:20:27.249725,39.14,439.06,-5.02
2026-08-16 22:20:27.300955,0.04,331.02,10.58
2026-08-16 22:20:27.318223,42.3,352.12,-5.95
2026-08-16 22:20:27.371461,1e+31,1e+31,-0.33
2026-08-16 22:20:27.387867,59.38,414.57,5.9
2026-08-16 22:20:27.433933,1e+31,1e+31,-3.64
2026-08-16 22:20:27.450573,55.84,398.36,-0.33
2026-08-16 22:20:27.512219,1e+31,1e+31,-4.9
2026-08-16 22:20:27.528280,45.73,443.21,-1.26
2026-08-16 22:20:27.582044,0.07,367.95,-1.15
2026-08-16 22:20:27.601180,41.36,390.09,2.38
2026-08-16 22:20:27.656918,1e+31,1e+31,-4.92
2026-08-16 22:20:27.672770,1e+31,430.43,0.88
2026-08-16 22:20:27.731798,1e+31,1e+31,8.27
2026-08-16 22:20:27.749224,35.85,429.35,0.26
2026-08-16 22:20:27.807326,1e+31,1e+31,-6.43
2026-08-16 22:20:27.822949,1e+31,437.67,3.61
2026-08-16 22:20:27.863401,0.07,312.75,-0.84
2026-08-16 22:20:27.975245,1e+31,1e+31,2.28
2026-08-16 22:20:28.080940,1e+31,1e+31,5.23
2026-08-16 22:20:28.154534,3.25,600.16,3.2
2026-08-16 22:20:28.208924,0.09,887.41,1.8
2026-08-16 22:20:28.259932,0.24,812.46,8.01
2026-08-16 22:20:28.316923,0.15,564.23,-0.69
2026-08-16 22:20:28.333381,48.9,433.05,-4.16
2026-08-16 22:20:28.390680,0.07,383.52,-8.05
2026-08-16 22:20:28.409072,53.67,421.99,-0.98
2026-08-16 22:20:28.457020,1e+31,1e+31,0.73
2026-08-16 22:20:28.479500,49.43,436.27,-7.02
2026-08-16 22:20:28.537762,1e+31,1e+31,-9.13
2026-08-16 22:20:28.558955,40.41,444.05,9.82
2026-08-16 22:20:28.622614,1e+31,1e+31,6.58
2026-08-16 22:20:28.640566,44.18,411.82,-5.83
2026-08-16 22:20:28.708652,1e+31,1e+31,-0.69
2026-08-16 22:20:28.729690,65.71,420.06,0.84
2026-08-16 22:20:28.790851,0.1,435.62,0.21
2026-08-16 22:20:28.813561,46.25,444.63,-1.32
2026-08-16 22:20:28.869214,1e+31,1e+31,2.22
2026-08-16 22:20:28.888749,1e+31,421.41,-1.12
2026-08-16 22:20:28.948935,0.52,682.64,1.72
2026-08-16 22:20:28.964692,53.83,386.63,-7.02
2026-08-16 22:20:28.986680,1e+31,1e+31,-1.57
2026-08-16 22:20:29.039290,0.03,422.49,-7.55
2026-08-16 22:21:27.087545,45.04,456.77,-2.37
2026-08-16 22:21:27.163314,1e+31,1e+31,-1.18
2026-08-16 22:21:27.180090,44.42,433.41,-2.49
2026-08-16 22:21:27.231608,0.07,373.08,0.82
2026-08-16 22:21:27.249725,39.14,420.95,0.51
2026-08-16 22:21:27.300955,0.04,329.96,7.03
2026-08-16 22:21:27.318223,42.3,431.48,0.93
2026-08-16 22:21:27.371461,1e+31,1e+31,3.58
2026-08-16 22:21:27.387867,59.1,462.45,3.26
2026-08-16 22:21:27.433933,0.02,363.95,0.43
2026-08-16 22:21:27.450573,55.35,404.73,-7.91
2026-08-16 22:21:27.512219,1e+31,1e+31,2.61
2026-08-16 22:21:27.528280,45.72,393.42,-4.87
2026-08-16 22:21:27.582044,0.07,366.08,2.73
2026-08-16 22:21:27.601180,41.36,398.66,0.31
2026-08-16 22:21:27.656918,0.14,323.09,-4.81
2026-08-16 22:21:27.672770,1e+31,473.64,3.5
2026-08-16 22:21:27.731798,1e+31,1e+31,6.46
2026-08-16 22:21:27.749224,35.84,414.82,-4.68
2026-08-16 22:21:27.807326,1e+31,1e+31,0.68
2026-08-16 22:21:27.822949,1e+31,481.19,5.23
2026-08-16 22:21:27.863401,0.07,319.78,0.12
2026-08-16 22:21:27.975245,1e+31,1e+31,-0.56
2026-08-16 22:21:28.080940,1e+31,1e+31,-0.77
2026-08-16 22:21:28.154534,4.23,573.56,1.24
2026-08-16 22:21:28.208924,1e+31,1e+31,4.52
2026-08-16 22:21:28.259932,1e+31,1e+31,6.56
2026-08-16 22:21:28.316923,0.18,564.0,0.79
2026-08-16 22:21:28.333381,48.87,462.17,-2.83
2026-08-16 22:21:28.390680,0.07,385.25,7.83
2026-08-16 22:21:28.409072,53.67,423.72,-12.6
2026-08-16 22:21:28.457020,1e+31,1e+31,0.22
2026-08-16 22:21:28.479500,49.34,420.82,1.78
2026-08-16 22:21:28.537762,1e+31,1e+31,-1.44
2026-08-16 22:21:28.558955,40.45,417.25,-4.17
2026-08-16 22:21:28.622614,0.28,451.71,0.91
2026-08-16 22:21:28.640566,44.27,428.24,0.23
2026-08-16 22:21:28.708652,0.03,424.17,-2.63
2026-08-16 22:21:28.729690,65.75,424.93,4.39
2026-08-16 22:21:28.790851,0.12,419.7,0.97
2026-08-16 22:21:28.813561,46.25,502.65,-0.15
2026-08-16 22:21:28.869214,1e+31,1e+31,-5.02
2026-08-16 22:21:28.888749,1e+31,464.27,3.83
2026-08-16 22:21:28.948935,0.55,684.51,-7.26
2026-08-16 22:21:28.964692,53.77,423.46,3.55
2026-08-16 22:21:28.986680,1e+31,1e+31,0.26
2026-08-16 22:21:29.039290,0.03,423.13,5.55
2026-08-16 22:22:27.087545,45.03,439.19,-0.28
2026-08-16 22:22:27.163314,1e+31,1e+31,-2.57
2026-08-16 22:22:27.180090,44.42,414.39,0.47
2026-08-16 22:22:27.231608,0.07,374.79,-1.07
2026-08-16 22:22:27.249725,39.14,397.3,-6.26
2026-08-16 22:22:27.300955,0.05,327.58,3.73
2026-08-16 22:22:27.318223,42.3,388.18,1.34
2026-08-16 22:22:27.371461,1e+31,1e+31,-3.6
2026-08-16 22:22:27.387867,58.26,438.11,-4.32
2026-08-16 22:22:27.433933,0.03,363.37,-4.67
2026-08-16 22:22:27.450573,55.09,387.94,-5.18
2026-08-16 22:22:27.512219,1e+31,1e+31,6.88
2026-08-16 22:22:27.528280,45.72,483.7,0.1
2026-08-16 22:22:27.582044,0.06,366.1,-2.78
2026-08-16 22:22:27.601180,41.36,423.8,4.28
2026-08-16 22:22:27.656918,1e+31,1e+31,1.05
2026-08-16 22:22:27.672770,1e+31,444.52,6.96
2026-08-16 22:22:27.731798,1e+31,1e+31,-0.83
2026-08-16 22:22:27.749224,35.84,436.51,0.75
2026-08-16 22:22:27.807326,1e+31,1e+31,-4.59
2026-08-16 22:22:27.822949,1e+31,385.2,-3.59
2026-08-16 22:22:27.863401,0.08,308.04,1.7
2026-08-16 22:22:27.975245,0.06,464.87,-14.77
2026-08-16 22:22:28.080940,1e+31,1e+31,5.45
2026-08-16 22:22:28.154534,1e+31,1e+31,2.2
2026-08-16 22:22:28.208924,1e+31,1e+31,-5.69
2026-08-16 22:22:28.259932,1e+31,1e+31,-10.27
2026-08-16 22:22:28.316923,0.2,563.72,2.85
2026-08-16 22:22:28.333381,48.84,460.13,3.12
2026-08-16 22:22:28.390680,0.07,383.03,-10.89
2026-08-16 22:22:28.409072,53.66,467.53,3.03
2026-08-16 22:22:28.457020,1e+31,1e+31,0.49
2026-08-16 22:22:28.479500,49.25,449.34,-3.27
2026-08-16 22:22:28.537762,1e+31,1e+31,1.13
2026-08-16 22:22:28.558955,40.5,456.38,2.1
2026-08-16 22:22:28.622614,0.26,451.25,-1.49
2026-08-16 22:22:28.640566,44.35,431.59,2.83
2026-08-16 22:22:28.708652,0.02,427.44,-5.16
2026-08-16 22:22:28.729690,65.8,445.96,-0.01
2026-08-16 22:22:28.790851,1e+31,1e+31,2.82
2026-08-16 22:22:28.813561,46.25,454.69,-0.21
2026-08-16 22:22:28.869214,1e+31,1e+31,-1.74
2026-08-16 22:22:28.888749,1e+31,412.63,-2.85
2026-08-16 22:22:28.948935,0.55,689.85,-5.1
2026-08-16 22:22:28.964692,53.71,460.64,3.93
2026-08-16 22:22:28.986680,1e+31,1e+31,-3.26
2026-08-16 22:22:29.039290,0.03,419.95,11.76
2026-08-16 22:23:27.087545,45.03,439.71,4.94
2026-08-16 22:23:27.163314,1e+31,1e+31,-0.3
2026-08-16 22:23:27.180090,44.51,487.11,2.47
2026-08-16 22:23:27.231608,0.07,382.9,0.26
2026-08-16 22:23:27.249725,39.24,410.54,8.79
2026-08-16 22:23:27.300955,0.03,329.05,0.55
2026-08-16 22:23:27.318223,42.3,400.26,6.23
2026-08-16 22:23:27.371461,1e+31,1e+31,0.96
2026-08-16 22:23:27.387867,57.62,474.16,3.35
2026-08-16 22:23:27.433933,1e+31,1e+31,1.01
2026-08-16 22:23:27.450573,55.09,417.67,0.64
2026-08-16 22:23:27.512219,1e+31,1e+31,-4.44
2026-08-16 22:23:27.528280,45.79,393.53,1.23
2026-08-16 22:23:27.582044,1e+31,1e+31,3.9
2026-08-16 22:23:27.601180,41.38,411.49,0.93
2026-08-16 22:23:27.656918,0.15,321.58,7.88
2026-08-16 22:23:27.672770,1e+31,402.75,0.59
2026-08-16 22:23:27.731798,1e+31,1e+31,2.46
2026-08-16 22:23:27.749224,35.85,431.58,-0.38
2026-08-16 22:23:27.807326,1e+31,1e+31,6.0
2026-08-16 22:23:27.822949,1e+31,387.91,-4.21
2026-08-16 22:23:27.863401,0.07,310.52,5.84
2026-08-16 22:23:27.975245,1e+31,1e+31,1.34
2026-08-16 22:23:28.080940,1e+31,1e+31,0.11
2026-08-16 22:23:28.154534,2.47,630.66,-2.37
2026-08-16 22:23:28.208924,1e+31,1e+31,-6.49
2026-08-16 22:23:28.259932,1e+31,1e+31,-0.61
2026-08-16 22:23:28.316923,0.12,563.12,1.88
2026-08-16 22:23:28.333381,48.82,467.3,2.7
2026-08-16 22:23:28.390680,0.07,384.38,3.22
2026-08-16 22:23:28.409072,53.66,405.63,-11.67
2026-08-16 22:23:28.457020,1e+31,1e+31,-0.78
2026-08-16 22:23:28.479500,49.16,397.55,-4.87
2026-08-16 22:23:28.537762,1e+31,1e+31,-0.2
2026-08-16 22:23:28.558955,40.54,456.81,-3.93
2026-08-16 22:23:28.622614,1e+31,1e+31,-7.65
2026-08-16 22:23:28.640566,44.44,404.88,0.05
2026-08-16 22:23:28.708652,0.03,428.65,14.85
2026-08-16 22:23:28.729690,65.85,442.58,-0.36
2026-08-16 22:23:28.790851,0.09,435.22,-2.6
2026-08-16 22:23:28.813561,46.26,487.83,-1.91
2026-08-16 22:23:28.869214,1e+31,1e+31,-1.4
2026-08-16 22:23:28.888749,1e+31,391.77,2.51
2026-08-16 22:23:28.948935,0.62,690.29,-1.72
2026-08-16 22:23:28.964692,53.64,446.5,-3.52
2026-08-16 22:23:28.986680,1e+31,1e+31,2.12
2026-08-16 22:23:29.039290,0.03,421.81,-5.15
2026-08-16 22:24:27.087545,45.04,415.63,4.11
2026-08-16 22:24:27.163314,1e+31,1e+31,-0.25
2026-08-16 22:24:27.180090,44.51,449.88,-2.65
2026-08-16 22:24:27.231608,0.08,377.45,1.96
2026-08-16 22:24:27.249725,39.27,440.25,-4.63
2026-08-16 22:24:27.300955,0.03,336.09,3.44
2026-08-16 22:24:27.318223,42.3,472.44,8.14
2026-08-16 22:24:27.371461,1e+31,1e+31,4.17
2026-08-16 22:24:27.387867,57.39,467.6,-1.97
2026-08-16 22:24:27.433933,0.03,359.84,0.59
2026-08-16 22:24:27.450573,55.09,425.37,-6.41
2026-08-16 22:24:27.512219,1e+31,1e+31,4.84
2026-08-16 22:24:27.528280,45.79,421.74,4.97
2026-08-16 22:24:27.582044,0.06,366.08,3.08
2026-08-16 22:24:27.601180,41.36,462.64,-3.35
2026-08-16 22:24:27.656918,0.14,322.52,9.25
2026-08-16 22:24:27.672770,1e+31,410.73,-3.69
2026-08-16 22:24:27.731798,1e+31,1e+31,2.96
2026-08-16 22:24:27.749224,35.87,377.32,-4.54
2026-08-16 22:24:27.807326,1e+31,1e+31,-4.7
2026-08-16 22:24:27.822949,1e+31,468.45,8.91
2026-08-16 22:24:27.863401,0.08,312.72,-1.22
2026-08-16 22:24:27.975245,0.06,466.0,-0.71
2026-08-16 22:24:28.080940,0.08,402.68,2.26
2026-08-16 22:24:28.154534,1e+31,1e+31,2.39
2026-08-16 22:24:28.208924,1e+31,1e+31,-1.57
2026-08-16 22:24:28.259932,0.24,814.95,-6.79
2026-08-16 22:24:28.316923,0.12,564.58,-4.08
2026-08-16 22:24:28.333381,48.79,372.12,-6.6
2026-08-16 22:24:28.390680,0.07,381.37,11.01
2026-08-16 22:24:28.409072,53.65,372.12,3.64
2026-08-16 22:24:28.457020,1e+31,1e+31,6.37
2026-08-16 22:24:28.479500,49.07,416.98,2.53
2026-08-16 22:24:28.537762,1e+31,1e+31,5.27
2026-08-16 22:24:28.558955,40.58,438.0,-3.07
2026-08-16 22:24:28.622614,0.25,451.02,1.2
2026-08-16 22:24:28.640566,44.52,412.87,2.19
2026-08-16 22:24:28.708652,0.03,426.18,-0.19
2026-08-16 22:24:28.729690,65.9,423.14,3.04
2026-08-16 22:24:28.790851,0.11,423.02,-6.69
2026-08-16 22:24:28.813561,46.26,408.5,1.38
2026-08-16 22:24:28.869214,1e+31,1e+31,-3.56
2026-08-16 22:24:28.888749,1e+31,410.32,-4.54
2026-08-16 22:24:28.948935,0.62,691.4,-8.35
2026-08-16 22:24:28.964692,53.58,431.41,-3.2
2026-08-16 22:24:28.986680,1e+31,1e+31,-2.82
2026-08-16 22:24:29.039290,0.03,419.58,-3.0
2026-08-16 22:25:27.087545,45.03,424.69,6.13
2026-08-16 22:25:27.163314,1e+31,1e+31,1.02
2026-08-16 22:25:27.180090,44.47,494.03,-5.53
2026-08-16 22:25:27.231608,0.07,375.91,-4.06
2026-08-16 22:25:27.249725,39.27,438.93,1.08
2026-08-16 22:25:27.300955,0.04,333.78,1.53
2026-08-16 22:25:27.318223,42.21,437.45,-7.99
2026-08-16 22:25:27.371461,1e+31,1e+31,-3.91
2026-08-16 22:25:27.387867,57.12,416.41,6.44
2026-08-16 22:25:27.433933,0.03,362.78,-3.0
2026-08-16 22:25:27.450573,54.55,412.44,-4.4
2026-08-16 22:25:27.512219,1e+31,1e+31,-3.4
2026-08-16 22:25:27.528280,45.72,455.23,-2.06
2026-08-16 22:25:27.582044,1e+31,1e+31,-5.04
2026-08-16 22:25:27.601180,41.3,357.75,1.86
2026-08-16 22:25:27.656918,1e+31,1e+31,6.76
2026-08-16 22:25:27.672770,1e+31,403.39,-0.6
2026-08-16 22:25:27.731798,1e+31,1e+31,1.78
2026-08-16 22:25:27.749224,35.91,415.98,2.97
2026-08-16 22:25:27.807326,0.07,326.74,-5.35
2026-08-16 22:25:27.822949,1e+31,414.85,-4.3
2026-08-16 22:25:27.863401,0.09,309.87,-3.03
2026-08-16 22:25:27.975245,1e+31,1e+31,-16.05
2026-08-16 22:25:28.080940,1e+31,1e+31,-5.84
2026-08-16 22:25:28.154534,4.07,572.27,-0.58
2026-08-16 22:25:28.208924,1e+31,1e+31,4.7
2026-08-16 22:25:28.259932,1e+31,1e+31,2.05
2026-08-16 22:25:28.316923,0.13,564.4,7.33
2026-08-16 22:25:28.333381,48.76,426.0,-3.6
2026-08-16 22:25:28.390680,0.08,382.0,-3.23
2026-08-16 22:25:28.409072,53.65,458.51,-0.8
2026-08-16 22:25:28.457020,1e+31,1e+31,5.03
2026-08-16 22:25:28.479500,48.98,430.7,-1.57
2026-08-16 22:25:28.537762,1e+31,1e+31,4.04
2026-08-16 22:25:28.558955,40.63,431.23,5.33
2026-08-16 22:25:28.622614,0.26,450.16,-6.07
2026-08-16 22:25:28.640566,44.61,437.27,7.75
2026-08-16 22:25:28.708652,0.03,429.64,4.56
2026-08-16 22:25:28.729690,65.95,417.18,3.33
2026-08-16 22:25:28.790851,1e+31,1e+31,-2.76
2026-08-16 22:25:28.813561,46.26,492.4,2.98
2026-08-16 22:25:28.869214,1e+31,1e+31,-3.68
2026-08-16 22:25:28.888749,1e+31,425.57,2.97
2026-08-16 22:25:28.948935,0.72,696.4,-6.46
2026-08-16 22:25:28.964692,53.51,445.11,-5.21
2026-08-16 22:25:28.986680,1e+31,1e+31,7.07
2026-08-16 22:25:29.039290,0.03,420.27,5.21
2026-08-16 22:26:27.087545,44.94,462.56,2.48
2026-08-16 22:26:27.163314,1e+31,1e+31,-5.92
2026-08-16 22:26:27.180090,44.42,413.72,-3.48
2026-08-16 22:26:27.231608,0.08,376.93,-3.1
2026-08-16 22:26:27.249725,39.35,427.4,4.47
2026-08-16 22:26:27.300955,0.02,335.47,4.14
2026-08-16 22:26:27.318223,41.96,493.61,1.84
2026-08-16 22:26:27.371461,1e+31,1e+31,0.4
2026-08-16 22:26:27.387867,56.44,421.22,0.37
2026-08-16 22:26:27.433933,1e+31,1e+31,-10.32
2026-08-16 22:26:27.450573,54.15,383.2,1.51
2026-08-16 22:26:27.512219,1e+31,1e+31,2.42
2026-08-16 22:26:27.528280,45.64,445.9,-2.29
2026-08-16 22:26:27.582044,1e+31,1e+31,1.92
2026-08-16 22:26:27.601180,41.08,438.93,3.5
2026-08-16 22:26:27.656918,1e+31,1e+31,-8.6
2026-08-16 22:26:27.672770,1e+31,433.7,1.91
2026-08-16 22:26:27.731798,1e+31,1e+31,-1.0
2026-08-16 22:26:27.749224,35.91,416.29,1.87
2026-08-16 22:26:27.807326,0.06,324.4,-8.33
2026-08-16 22:26:27.822949,1e+31,447.57,-1.07
2026-08-16 22:26:27.863401,0.08,310.12,-3.97
2026-08-16 22:26:27.975245,1e+31,1e+31,-0.8
2026-08-16 22:26:28.080940,1e+31,1e+31,1.28
2026-08-16 22:26:28.154534,2.47,620.28,-3.81
2026-08-16 22:26:28.208924,1e+31,1e+31,-1.3
2026-08-16 22:26:28.259932,1e+31,1e+31,-3.11
2026-08-16 22:26:28.316923,0.14,563.08,2.77
2026-08-16 22:26:28.333381,48.73,399.84,1.4
2026-08-16 22:26:28.390680,0.08,380.38,-1.7
2026-08-16 22:26:28.409072,53.65,389.55,-3.08
2026-08-16 22:26:28.457020,1e+31,1e+31,8.86
2026-08-16 22:26:28.479500,48.89,458.76,4.92
2026-08-16 22:26:28.537762,1e+31,1e+31,-6.11
2026-08-16 22:26:28.558955,40.67,441.78,0.6
2026-08-16 22:26:28.622614,0.27,450.31,-1.18
2026-08-16 22:26:28.640566,44.69,397.72,0.27
2026-08-16 22:26:28.708652,0.03,427.47,-4.29
2026-08-16 22:26:28.729690,66.0,437.76,2.19
2026-08-16 22:26:28.790851,0.13,408.56,-3.54
2026-08-16 22:26:28.813561,46.27,379.78,-5.22
2026-08-16 22:26:28.869214,1e+31,1e+31,4.8
2026-08-16 22:26:28.888749,1e+31,429.18,-2.64
2026-08-16 22:26:28.948935,1e+31,1e+31,-3.09
2026-08-16 22:26:28.964692,53.45,471.83,-4.99
2026-08-16 22:26:28.986680,1e+31,1e+31,-1.77
2026-08-16 22:26:29.039290,0.03,420.92,-1.01
2026-08-16 22:27:27.087545,44.92,404.98,0.25
2026-08-16 22:27:27.163314,1e+31,1e+31,0.12
2026-08-16 22:27:27.180090,44.14,447.29,-8.72
2026-08-16 22:27:27.231608,0.07,376.28,-2.0
2026-08-16 22:27:27.249725,39.35,422.77,-4.0
2026-08-16 22:27:27.300955,1e+31,1e+31,-1.86
2026-08-16 22:27:27.318223,41.96,423.68,-6.12
2026-08-16 22:27:27.371461,1e+31,1e+31,2.65
2026-08-16 22:27:27.387867,56.44,464.69,-2.84
2026-08-16 22:27:27.433933,1e+31,1e+31,4.77
2026-08-16 22:27:27.450573,53.93,409.59,-7.28
2026-08-16 22:27:27.512219,1e+31,1e+31,-4.71
2026-08-16 22:27:27.528280,45.63,435.92,-2.09
2026-08-16 22:27:27.582044,1e+31,1e+31,1.76
2026-08-16 22:27:27.601180,41.08,394.49,1.74
2026-08-16 22:27:27.656918,1e+31,1e+31,0.74
2026-08-16 22:27:27.672770,1e+31,462.29,-4.76
2026-08-16 22:27:27.731798,1e+31,1e+31,3.31
2026-08-16 22:27:27.749224,36.18,396.84,1.61
2026-08-16 22:27:27.807326,0.03,326.1,0.32
2026-08-16 22:27:27.822949,1e+31,443.11,-11.75
2026-08-16 22:27:27.863401,0.07,315.86,-3.51
2026-08-16 22:27:27.975245,0.06,463.93,-4.02
2026-08-16 22:27:28.080940,1e+31,1e+31,3.8
2026-08-16 22:27:28.154534,3.86,585.85,-7.29
2026-08-16 22:27:28.208924,1e+31,1e+31,3.18
2026-08-16 22:27:28.259932,1e+31,1e+31,0.33
2026-08-16 22:27:28.316923,0.13,564.65,4.4
2026-08-16 22:27:28.333381,48.7,430.64,-3.53
2026-08-16 22:27:28.390680,0.08,380.35,7.41
2026-08-16 22:27:28.409072,53.64,429.87,-5.82
2026-08-16 22:27:28.457020,1e+31,1e+31,7.34
2026-08-16 22:27:28.479500,48.8,404.27,2.83
2026-08-16 22:27:28.537762,1e+31,1e+31,0.15
2026-08-16 22:27:28.558955,40.71,383.97,-1.86
2026-08-16 22:27:28.622614,0.23,450.31,2.01
2026-08-16 22:27:28.640566,44.77,405.74,-6.97
2026-08-16 22:27:28.708652,0.03,425.92,-3.02
2026-08-16 22:27:28.729690,66.05,460.27,-2.41
2026-08-16 22:27:28.790851,0.09,435.85,-9.76
2026-08-16 22:27:28.813561,46.27,437.78,-0.19
2026-08-16 22:27:28.869214,1e+31,1e+31,-0.58
2026-08-16 22:27:28.888749,1e+31,404.41,-6.42
2026-08-16 22:27:28.948935,0.65,720.36,8.1
2026-08-16 22:27:28.964692,53.38,404.68,4.77
2026-08-16 22:27:28.986680,1e+31,1e+31,-9.88
2026-08-16 22:27:29.039290,0.04,421.65,2.86
2026-08-16 22:28:27.087545,44.88,369.55,2.02
2026-08-16 22:28:27.163314,1e+31,1e+31,1.62
2026-08-16 22:28:27.180090,43.86,368.55,-6.35
2026-08-16 22:28:27.231608,0.07,374.66,-0.52
2026-08-16 22:28:27.249725,40.07,457.65,7.16
2026-08-16 22:28:27.300955,0.03,330.19,-4.99
2026-08-16 22:28:27.318223,41.96,409.8,10.39
2026-08-16 22:28:27.371461,1e+31,1e+31,10.82
2026-08-16 22:28:27.387867,56.44,437.21,-2.99
2026-08-16 22:28:27.433933,0.03,369.94,0.57
2026-08-16 22:28:27.450573,53.55,522.96,-4.1
2026-08-16 22:28:27.512219,1e+31,1e+31,0.93
2026-08-16 22:28:27.528280,45.63,457.88,-3.65
2026-08-16 22:28:27.582044,1e+31,1e+31,-5.03
2026-08-16 22:28:27.601180,41.08,424.54,5.17
2026-08-16 22:28:27.656918,0.14,321.56,-4.37
2026-08-16 22:28:27.672770,1e+31,438.05,-7.42
2026-08-16 22:28:27.731798,1e+31,1e+31,-9.06
2026-08-16 22:28:27.749224,37.01,429.35,5.26
2026-08-16 22:28:27.807326,1e+31,1e+31,4.06
2026-08-16 22:28:27.822949,1e+31,391.57,-0.21
2026-08-16 22:28:27.863401,0.07,312.44,-5.03
2026-08-16 22:28:27.975245,1e+31,1e+31,6.03
2026-08-16 22:28:28.080940,0.07,401.38,1.73
2026-08-16 22:28:28.154534,2.17,636.77,-5.6
2026-08-16 22:28:28.208924,0.06,914.12,-0.32
2026-08-16 22:28:28.259932,1e+31,1e+31,-2.86
2026-08-16 22:28:28.316923,0.12,565.5,-0.59
2026-08-16 22:28:28.333381,48.68,428.55,-1.19
2026-08-16 22:28:28.390680,0.07,378.92,10.67
2026-08-16 22:28:28.409072,53.64,453.61,-3.18
2026-08-16 22:28:28.457020,1e+31,1e+31,2.03
2026-08-16 22:28:28.479500,48.71,415.31,1.54
2026-08-16 22:28:28.537762,1e+31,1e+31,5.31
2026-08-16 22:28:28.558955,40.75,430.45,4.28
2026-08-16 22:28:28.622614,1e+31,1e+31,-3.16
2026-08-16 22:28:28.640566,44.86,404.22,-4.54
2026-08-16 22:28:28.708652,0.03,423.93,0.18
2026-08-16 22:28:28.729690,66.09,439.43,2.94
2026-08-16 22:28:28.790851,0.13,419.59,-4.64
2026-08-16 22:28:28.813561,46.27,418.33,3.86
2026-08-16 22:28:28.869214,1e+31,1e+31,-6.84
2026-08-16 22:28:28.888749,1e+31,416.17,9.25
2026-08-16 22:28:28.948935,0.57,686.62,-1.27
2026-08-16 22:28:28.964692,53.32,395.31,3.05
2026-08-16 22:28:28.986680,1e+31,1e+31,-9.24
2026-08-16 22:28:29.039290,0.03,419.38,-11.16
2026-08-16 22:29:27.087545,44.88,424.62,-2.16
2026-08-16 22:29:27.163314,1e+31,1e+31,2.17
2026-08-16 22:29:27.180090,43.86,429.53,4.92
2026-08-16 22:29:27.231608,0.08,378.13,-2.99
2026-08-16 22:29:27.249725,40.07,427.52,1.51
2026-08-16 22:29:27.300955,0.02,330.01,-12.94
2026-08-16 22:29:27.318223,41.96,475.0,-1.32
2026-08-16 22:29:27.371461,1e+31,1e+31,-7.88
2026-08-16 22:29:27.387867,56.44,439.16,-3.12
2026-08-16 22:29:27.433933,0.02,368.33,-0.15
2026-08-16 22:29:27.450573,51.47,434.92,1.48
2026-08-16 22:29:27.512219,1e+31,1e+31,-1.71
2026-08-16 22:29:27.528280,45.63,409.28,-4.24
2026-08-16 22:29:27.582044,0.07,366.01,4.77
2026-08-16 22:29:27.601180,41.05,396.44,-2.6
2026-08-16 22:29:27.656918,1e+31,1e+31,1.28
2026-08-16 22:29:27.672770,1e+31,350.8,-1.0
2026-08-16 22:29:27.731798,1e+31,1e+31,1.21
2026-08-16 22:29:27.749224,37.01,422.35,-6.28
2026-08-16 22:29:27.807326,0.03,317.82,-3.81
2026-08-16 22:29:27.822949,1e+31,436.93,2.83
2026-08-16 22:29:27.863401,0.08,317.06,3.79
2026-08-16 22:29:27.975245,1e+31,1e+31,2.48
2026-08-16 22:29:28.080940,1e+31,1e+31,1.86
2026-08-16 22:29:28.154534,3.71,591.15,-8.73
2026-08-16 22:29:28.208924,0.06,914.25,-0.83
2026-08-16 22:29:28.259932,1e+31,1e+31,-2.06
2026-08-16 22:29:28.316923,0.12,566.08,2.3
2026-08-16 22:29:28.333381,48.65,390.24,-0.53
2026-08-16 22:29:28.390680,0.08,382.45,3.0
2026-08-16 22:29:28.409072,53.64,448.8,-9.1
2026-08-16 22:29:28.457020,1e+31,1e+31,4.24
2026-08-16 22:29:28.479500,48.62,376.38,1.79
2026-08-16 22:29:28.537762,1e+31,1e+31,5.3
2026-08-16 22:29:28.558955,40.8,481.07,2.36
2026-08-16 22:29:28.622614,0.21,451.2,-1.47
2026-08-16 22:29:28.640566,44.94,408.97,0.12
2026-08-16 22:29:28.708652,0.02,428.21,-4.04
2026-08-16 22:29:28.729690,66.14,366.96,-4.55
2026-08-16 22:29:28.790851,0.08,441.44,3.21
2026-08-16 22:29:28.813561,46.27,491.05,6.18
2026-08-16 22:29:28.869214,1e+31,1e+31,-1.98
2026-08-16 22:29:28.888749,1e+31,393.56,1.95
2026-08-16 22:29:28.948935,0.55,694.92,2.46
2026-08-16 22:29:28.964692,53.25,441.68,-6.49
2026-08-16 22:29:28.986680,1e+31,1e+31,1.09
2026-08-16 22:29:29.039290,0.03,420.05,0.86
2026-08-16 22:30:27.087545,44.88,468.61,-5.27
2026-08-16 22:30:27.163314,1e+31,1e+31,2.53
2026-08-16 22:30:27.180090,44.14,465.86,9.3
2026-08-16 22:30:27.231608,0.08,371.64,7.02
2026-08-16 22:30:27.249725,40.17,448.43,6.91
2026-08-16 22:30:27.300955,1e+31,1e+31,-4.28
2026-08-16 22:30:27.318223,41.96,430.67,5.41
2026-08-16 22:30:27.371461,1e+31,1e+31,-1.69
2026-08-16 22:30:27.387867,56.44,401.67,5.59
2026-08-16 22:30:27.433933,1e+31,1e+31,-2.08
2026-08-16 22:30:27.450573,51.47,395.17,2.76
2026-08-16 22:30:27.512219,1e+31,1e+31,2.17
2026-08-16 22:30:27.528280,45.48,430.63,-7.6
2026-08-16 22:30:27.582044,1e+31,1e+31,6.24
2026-08-16 22:30:27.601180,40.71,436.22,-11.94
2026-08-16 22:30:27.656918,0.14,322.42,3.21
2026-08-16 22:30:27.672770,1e+31,465.48,-1.0
2026-08-16 22:30:27.731798,1e+31,1e+31,-2.64
2026-08-16 22:30:27.749224,37.58,395.7,6.23
2026-08-16 22:30:27.807326,1e+31,1e+31,0.72
2026-08-16 22:30:27.822949,1e+31,416.26,3.43
2026-08-16 22:30:27.863401,0.09,310.64,-1.02
2026-08-16 22:30:27.975245,0.07,463.17,-0.11
2026-08-16 22:30:28.080940,1e+31,1e+31,5.71
2026-08-16 22:30:28.154534,1e+31,1e+31,7.64
2026-08-16 22:30:28.208924,0.07,891.66,-5.7
2026-08-16 22:30:28.259932,1e+31,1e+31,-2.49
2026-08-16 22:30:28.316923,0.13,565.43,8.01
2026-08-16 22:30:28.333381,48.62,381.35,-3.12
2026-08-16 22:30:28.390680,0.07,380.86,2.69
2026-08-16 22:30:28.409072,53.63,393.03,-1.27
2026-08-16 22:30:28.457020,1e+31,1e+31,-3.61
2026-08-16 22:30:28.479500,48.53,456.41,-1.7
2026-08-16 22:30:28.537762,1e+31,1e+31,-5.11
2026-08-16 22:30:28.558955,40.84,405.99,-8.96
2026-08-16 22:30:28.622614,1e+31,1e+31,-1.72
2026-08-16 22:30:28.640566,45.02,468.04,7.7
2026-08-16 22:30:28.708652,0.02,426.28,3.75
2026-08-16 22:30:28.729690,66.19,481.45,-2.55
2026-08-16 22:30:28.790851,0.08,440.5,5.57
2026-08-16 22:30:28.813561,46.28,491.46,0.09
2026-08-16 22:30:28.869214,1e+31,1e+31,3.84
2026-08-16 22:30:28.888749,1e+31,376.33,2.38
2026-08-16 22:30:28.948935,0.63,679.08,-3.25
2026-08-16 22:30:28.964692,53.19,391.23,0.41
2026-08-16 22:30:28.986680,1e+31,1e+31,-4.1
2026-08-16 22:30:29.039290,0.03,421.08,0.68
2026-08-16 22:31:27.087545,44.78,415.12,-6.83
2026-08-16 22:31:27.163314,1e+31,1e+31,8.88
2026-08-16 22:31:27.180090,44.03,398.38,-11.26
2026-08-16 22:31:27.231608,0.07,372.78,-2.41
2026-08-16 22:31:27.249725,40.17,376.75,-1.23
2026-08-16 22:31:27.300955,0.03,336.16,-0.42
2026-08-16 22:31:27.318223,42.09,368.05,1.62
2026-08-16 22:31:27.371461,1e+31,1e+31,-3.31
2026-08-16 22:31:27.387867,57.95,449.26,-1.31
2026-08-16 22:31:27.433933,1e+31,1e+31,3.95
2026-08-16 22:31:27.450573,50.88,493.58,-1.59
2026-08-16 22:31:27.512219,1e+31,1e+31,4.51
2026-08-16 22:31:27.528280,45.48,469.8,-10.5
2026-08-16 22:31:27.582044,1e+31,1e+31,-1.52
2026-08-16 22:31:27.601180,40.64,446.83,-1.33
2026-08-16 22:31:27.656918,1e+31,1e+31,-4.73
2026-08-16 22:31:27.672770,1e+31,437.02,3.26
2026-08-16 22:31:27.731798,1e+31,1e+31,-1.25
2026-08-16 22:31:27.749224,37.6,460.06,7.04
2026-08-16 22:31:27.807326,1e+31,1e+31,-0.36
2026-08-16 22:31:27.822949,1e+31,401.66,7.42
2026-08-16 22:31:27.863401,0.11,303.62,-2.95
2026-08-16 22:31:27.975245,1e+31,1e+31,-1.15
2026-08-16 22:31:28.080940,1e+31,1e+31,7.75
2026-08-16 22:31:28.154534,1e+31,1e+31,3.22
2026-08-16 22:31:28.208924,1e+31,1e+31,2.78
2026-08-16 22:31:28.259932,1e+31,1e+31,5.12
2026-08-16 22:31:28.316923,0.14,565.08,-0.62
2026-08-16 22:31:28.333381,48.59,469.78,-1.19
2026-08-16 22:31:28.390680,0.07,381.4,-7.62
2026-08-16 22:31:28.409072,53.63,383.34,-2.32
2026-08-16 22:31:28.457020,1e+31,1e+31,-1.83
2026-08-16 22:31:28.479500,48.44,439.65,-1.76
2026-08-16 22:31:28.537762,1e+31,1e+31,2.28
2026-08-16 22:31:28.558955,40.88,466.16,-4.44
2026-08-16 22:31:28.622614,1e+31,1e+31,1.84
2026-08-16 22:31:28.640566,45.1,384.65,3.49
2026-08-16 22:31:28.708652,0.02,425.06,1.18
2026-08-16 22:31:28.729690,66.24,418.91,5.25
2026-08-16 22:31:28.790851,0.11,430.31,-1.14
2026-08-16 22:31:28.813561,46.28,399.96,3.3
2026-08-16 22:31:28.869214,1e+31,1e+31,1.24
2026-08-16 22:31:28.888749,1e+31,394.32,3.98
2026-08-16 22:31:28.948935,0.68,688.93,5.38
2026-08-16 22:31:28.964692,53.12,379.58,-1.49
2026-08-16 22:31:28.986680,1e+31,1e+31,1.22
2026-08-16 22:31:29.039290,0.03,419.32,-3.27
2026-08-16 22:32:27.087545,44.78,445.99,0.14
2026-08-16 22:32:27.163314,1e+31,1e+31,-1.87
2026-08-16 22:32:27.180090,44.03,449.18,4.78
2026-08-16 22:32:27.231608,0.07,369.66,-1.16
2026-08-16 22:32:27.249725,40.07,411.26,1.21
2026-08-16 22:32:27.300955,0.02,334.08,1.68
2026-08-16 22:32:27.318223,42.49,448.35,-5.51
2026-08-16 22:32:27.371461,1e+31,1e+31,-4.49
2026-08-16 22:32:27.387867,58.02,426.92,-2.97
2026-08-16 22:32:27.433933,0.02,374.17,-7.81
2026-08-16 22:32:27.450573,50.88,488.95,-4.98
2026-08-16 22:32:27.512219,1e+31,1e+31,5.51
2026-08-16 22:32:27.528280,45.44,415.29,-6.24
2026-08-16 22:32:27.582044,1e+31,1e+31,3.88
2026-08-16 22:32:27.601180,40.61,478.09,-0.93
2026-08-16 22:32:27.656918,1e+31,1e+31,1.89
2026-08-16 22:32:27.672770,1e+31,434.32,-7.21
2026-08-16 22:32:27.731798,1e+31,1e+31,3.68
2026-08-16 22:32:27.749224,37.87,445.9,-3.67
2026-08-16 22:32:27.807326,0.02,315.28,4.35
2026-08-16 22:32:27.822949,1e+31,439.86,-1.19
2026-08-16 22:32:27.863401,0.09,306.56,3.86
2026-08-16 22:32:27.975245,0.07,463.48,3.25
2026-08-16 22:32:28.080940,1e+31,1e+31,3.03
2026-08-16 22:32:28.154534,2.29,637.86,3.27
2026-08-16 22:32:28.208924,0.06,905.64,5.06
2026-08-16 22:32:28.259932,1e+31,1e+31,1.64
2026-08-16 22:32:28.316923,1e+31,1e+31,1.67
2026-08-16 22:32:28.333381,48.56,392.81,-0.24
2026-08-16 22:32:28.390680,0.07,380.37,6.44
2026-08-16 22:32:28.409072,53.62,459.42,5.24
2026-08-16 22:32:28.457020,1e+31,1e+31,-0.4
2026-08-16 22:32:28.479500,48.35,410.36,-2.19
2026-08-16 22:32:28.537762,1e+31,1e+31,-1.62
2026-08-16 22:32:28.558955,40.92,381.62,-0.22
2026-08-16 22:32:28.622614,1e+31,1e+31,6.38
2026-08-16 22:32:28.640566,45.18,431.84,9.97
2026-08-16 22:32:28.708652,0.02,425.68,-0.13
2026-08-16 22:32:28.729690,66.29,436.85,0.17
2026-08-16 22:32:28.790851,0.12,415.16,6.47
2026-08-16 22:32:28.813561,46.28,442.15,-7.71
2026-08-16 22:32:28.869214,1e+31,1e+31,-4.63
2026-08-16 22:32:28.888749,1e+31,438.16,0.75
2026-08-16 22:32:28.948935,0.61,690.81,-4.38
2026-08-16 22:32:28.964692,53.06,386.93,-2.29
2026-08-16 22:32:28.986680,1e+31,1e+31,-8.98
2026-08-16 22:32:29.039290,0.03,419.99,-8.61
2026-08-16 22:33:27.087545,44.74,457.95,-1.99
2026-08-16 22:33:27.163314,1e+31,1e+31,-6.56
2026-08-16 22:33:27.180090,44.01,393.82,6.87
2026-08-16 22:33:27.231608,0.07,373.73,5.62
2026-08-16 22:33:27.249725,39.91,428.02,3.01
2026-08-16 22:33:27.300955,0.02,332.84,-8.23
2026-08-16 22:33:27.318223,44.3,385.81,-0.78
2026-08-16 22:33:27.371461,1e+31,1e+31,1.31
2026-08-16 22:33:27.387867,58.79,466.06,0.13
2026-08-16 22:33:27.433933,1e+31,1e+31,-5.66
2026-08-16 22:33:27.450573,50.56,422.66,-0.9
2026-08-16 22:33:27.512219,1e+31,1e+31,1.06
2026-08-16 22:33:27.528280,45.44,431.29,-1.06
2026-08-16 22:33:27.582044,1e+31,1e+31,-2.71
2026-08-16 22:33:27.601180,40.55,423.93,9.44
2026-08-16 22:33:27.656918,1e+31,1e+31,-0.37
2026-08-16 22:33:27.672770,1e+31,445.43,0.69
2026-08-16 22:33:27.731798,1e+31,1e+31,-9.47
2026-08-16 22:33:27.749224,38.39,429.06,3.57
2026-08-16 22:33:27.807326,1e+31,1e+31,2.37
2026-08-16 22:33:27.822949,1e+31,431.42,1.74
2026-08-16 22:33:27.863401,0.09,311.1,-0.74
2026-08-16 22:33:27.975245,0.06,466.7,-8.64
2026-08-16 22:33:28.080940,1e+31,1e+31,8.9
2026-08-16 22:33:28.154534,4.03,576.74,3.2
2026-08-16 22:33:28.208924,0.06,921.94,11.22
2026-08-16 22:33:28.259932,1e+31,1e+31,-0.52
2026-08-16 22:33:28.316923,0.14,565.2,1.04
2026-08-16 22:33:28.333381,48.54,388.2,2.64
2026-08-16 22:33:28.390680,0.08,379.08,-0.47
2026-08-16 22:33:28.409072,53.62,379.52,-5.62
2026-08-16 22:33:28.457020,1e+31,1e+31,7.46
2026-08-16 22:33:28.479500,48.26,373.63,-3.56
2026-08-16 22:33:28.537762,1e+31,1e+31,-1.51
2026-08-16 22:33:28.558955,40.96,455.97,2.04
2026-08-16 22:33:28.622614,1e+31,1e+31,1.47
2026-08-16 22:33:28.640566,45.26,378.18,-0.3
2026-08-16 22:33:28.708652,0.02,423.88,2.48
2026-08-16 22:33:28.729690,66.34,462.15,9.76
2026-08-16 22:33:28.790851,0.1,432.05,-5.38
2026-08-16 22:33:28.813561,46.28,464.14,4.01
2026-08-16 22:33:28.869214,1e+31,1e+31,3.95
2026-08-16 22:33:28.888749,1e+31,445.36,7.16
2026-08-16 22:33:28.948935,0.66,675.7,-0.09
2026-08-16 22:33:28.964692,52.99,405.34,8.38
2026-08-16 22:33:28.986680,1e+31,1e+31,2.99
2026-08-16 22:33:29.039290,0.03,420.97,1.79
2026-08-16 22:34:27.087545,44.73,364.22,3.32
2026-08-16 22:34:27.163314,1e+31,1e+31,0.78
2026-08-16 22:34:27.180090,44.03,405.68,6.97
2026-08-16 22:34:27.231608,0.07,369.18,3.74
2026-08-16 22:34:27.249725,39.95,422.46,-3.07
2026-08-16 22:34:27.300955,0.02,337.02,9.73
2026-08-16 22:34:27.318223,47.19,423.24,2.66
2026-08-16 22:34:27.371461,1e+31,1e+31,-3.78
2026-08-16 22:34:27.387867,58.89,408.88,3.45
2026-08-16 22:34:27.433933,1e+31,1e+31,0.26
2026-08-16 22:34:27.450573,50.56,425.76,8.94
2026-08-16 22:34:27.512219,1e+31,1e+31,-0.87
2026-08-16 22:34:27.528280,44.95,450.95,3.51
2026-08-16 22:34:27.582044,1e+31,1e+31,4.22
2026-08-16 22:34:27.601180,40.53,443.12,-3.62
2026-08-16 22:34:27.656918,1e+31,1e+31,4.13
2026-08-16 22:34:27.672770,1e+31,414.7,7.47
2026-08-16 22:34:27.731798,1e+31,1e+31,-1.59
2026-08-16 22:34:27.749224,38.93,432.28,-7.09
2026-08-16 22:34:27.807326,0.06,329.7,8.77
2026-08-16 22:34:27.822949,1e+31,490.93,-5.12
2026-08-16 22:34:27.863401,0.09,308.6,-3.28
2026-08-16 22:34:27.975245,0.06,463.09,0.97
2026-08-16 22:34:28.080940,1e+31,1e+31,-0.5
2026-08-16 22:34:28.154534,1e+31,1e+31,3.38
2026-08-16 22:34:28.208924,1e+31,1e+31,-2.46
2026-08-16 22:34:28.259932,1e+31,1e+31,3.51
2026-08-16 22:34:28.316923,0.16,562.37,-0.84
2026-08-16 22:34:28.333381,48.51,408.0,11.62
2026-08-16 22:34:28.390680,0.07,383.03,0.49
2026-08-16 22:34:28.409072,53.62,388.97,0.22
2026-08-16 22:34:28.457020,1e+31,1e+31,1.33
2026-08-16 22:34:28.479500,48.17,431.66,-3.58
2026-08-16 22:34:28.537762,1e+31,1e+31,8.74
2026-08-16 22:34:28.558955,41.0,432.28,0.04
2026-08-16 22:34:28.622614,0.21,451.47,-2.79
2026-08-16 22:34:28.640566,45.34,421.26,-0.45
2026-08-16 22:34:28.708652,0.02,428.56,-10.51
2026-08-16 22:34:28.729690,66.39,409.38,4.92
2026-08-16 22:34:28.790851,0.13,413.88,-4.64
2026-08-16 22:34:28.813561,46.28,364.35,0.46
2026-08-16 22:34:28.869214,1e+31,1e+31,-7.14
2026-08-16 22:34:28.888749,1e+31,353.15,-0.45
2026-08-16 22:34:28.948935,0.54,687.36,0.97
2026-08-16 22:34:28.964692,52.93,470.69,-12.47
2026-08-16 22:34:28.986680,1e+31,1e+31,-2.01
2026-08-16 22:34:29.039290,0.03,423.05,3.71
2026-08-16 22:35:27.087545,44.78,426.75,-4.86
2026-08-16 22:35:27.163314,1e+31,1e+31,8.0
2026-08-16 22:35:27.180090,44.19,404.86,-7.71
2026-08-16 22:35:27.231608,0.08,378.19,2.44
2026-08-16 22:35:27.249725,39.91,397.5,5.04
2026-08-16 22:35:27.300955,0.03,338.64,-1.79
2026-08-16 22:35:27.318223,47.19,402.18,1.76
2026-08-16 22:35:27.371461,1e+31,1e+31,3.61
2026-08-16 22:35:27.387867,58.99,393.1,5.13
2026-08-16 22:35:27.433933,1e+31,1e+31,-5.76
2026-08-16 22:35:27.450573,50.76,364.71,-1.18
2026-08-16 22:35:27.512219,1e+31,1e+31,-3.29
2026-08-16 22:35:27.528280,44.52,433.84,1.21
2026-08-16 22:35:27.582044,1e+31,1e+31,-5.15
2026-08-16 22:35:27.601180,40.53,436.23,2.43
2026-08-16 22:35:27.656918,1e+31,1e+31,0.38
2026-08-16 22:35:27.672770,1e+31,476.5,0.67
2026-08-16 22:35:27.731798,1e+31,1e+31,-3.09
2026-08-16 22:35:27.749224,39.14,427.74,4.08
2026-08-16 22:35:27.807326,1e+31,1e+31,9.45
2026-08-16 22:35:27.822949,1e+31,416.45,0.35
2026-08-16 22:35:27.863401,0.08,313.93,-0.09
2026-08-16 22:35:27.975245,0.07,463.64,0.75
2026-08-16 22:35:28.080940,0.08,402.24,-0.89
2026-08-16 22:35:28.154534,3.73,582.38,-0.38
2026-08-16 22:35:28.208924,1e+31,1e+31,-2.81
2026-08-16 22:35:28.259932,1e+31,1e+31,8.74
2026-08-16 22:35:28.316923,0.13,563.56,-3.41
2026-08-16 22:35:28.333381,48.48,435.48,1.86
2026-08-16 22:35:28.390680,0.08,383.71,2.05
2026-08-16 22:35:28.409072,53.62,405.88,0.59
2026-08-16 22:35:28.457020,1e+31,1e+31,-0.53
2026-08-16 22:35:28.479500,48.08,428.63,-4.57
2026-08-16 22:35:28.537762,0.07,323.37,0.32
2026-08-16 22:35:28.558955,41.05,439.83,1.68
2026-08-16 22:35:28.622614,0.21,452.26,5.31
2026-08-16 22:35:28.640566,45.42,424.42,0.03
2026-08-16 22:35:28.708652,0.03,423.01,5.84
2026-08-16 22:35:28.729690,66.44,439.96,-0.54
2026-08-16 22:35:28.790851,1e+31,1e+31,1.55
2026-08-16 22:35:28.813561,46.29,410.89,-0.43
2026-08-16 22:35:28.869214,1e+31,1e+31,-0.51
2026-08-16 22:35:28.888749,1e+31,425.63,6.49
2026-08-16 22:35:28.948935,0.56,684.91,7.87
2026-08-16 22:35:28.964692,52.86,459.27,5.26
2026-08-16 22:35:28.986680,1e+31,1e+31,4.06
2026-08-16 22:35:29.039290,0.04,421.56,-4.97
2026-08-16 22:36:27.087545,44.78,463.61,-2.96
2026-08-16 22:36:27.163314,1e+31,1e+31,1.58
2026-08-16 22:36:27.180090,44.25,426.51,-0.96
2026-08-16 22:36:27.231608,0.07,381.78,9.01
2026-08-16 22:36:27.249725,39.88,380.41,-3.25
2026-08-16 22:36:27.300955,0.02,334.71,-4.63
2026-08-16 22:36:27.318223,44.3,392.66,0.88
2026-08-16 22:36:27.371461,1e+31,1e+31,-5.46
2026-08-16 22:36:27.387867,58.99,415.12,-5.3
2026-08-16 22:36:27.433933,0.03,372.39,5.32
2026-08-16 22:36:27.450573,50.76,459.33,-2.17
2026-08-16 22:36:27.512219,1e+31,1e+31,4.02
2026-08-16 22:36:27.528280,44.37,430.32,-1.47
2026-08-16 22:36:27.582044,1e+31,1e+31,-0.59
2026-08-16 22:36:27.601180,40.53,417.15,9.19
2026-08-16 22:36:27.656918,1e+31,1e+31,9.81
2026-08-16 22:36:27.672770,1e+31,484.98,-3.63
2026-08-16 22:36:27.731798,1e+31,1e+31,-4.36
2026-08-16 22:36:27.749224,39.14,444.74,2.19
2026-08-16 22:36:27.807326,0.02,328.74,5.64
2026-08-16 22:36:27.822949,1e+31,429.95,1.16
2026-08-16 22:36:27.863401,0.08,312.38,0.24
2026-08-16 22:36:27.975245,0.07,464.8,-2.82
2026-08-16 22:36:28.080940,1e+31,1e+31,-13.59
2026-08-16 22:36:28.154534,1e+31,1e+31,-0.48
2026-08-16 22:36:28.208924,0.05,911.79,2.02
2026-08-16 22:36:28.259932,1e+31,1e+31,-6.32
2026-08-16 22:36:28.316923,0.14,565.97,-4.65
2026-08-16 22:36:28.333381,48.46,383.87,0.94
2026-08-16 22:36:28.390680,0.07,380.89,1.45
2026-08-16 22:36:28.409072,53.61,429.64,-2.01
2026-08-16 22:36:28.457020,1e+31,1e+31,9.52
2026-08-16 22:36:28.479500,47.99,434.82,-2.98
2026-08-16 22:36:28.537762,1e+31,1e+31,-0.48
2026-08-16 22:36:28.558955,41.09,433.7,5.18
2026-08-16 22:36:28.622614,0.21,452.24,-1.15
2026-08-16 22:36:28.640566,45.5,425.76,0.25
2026-08-16 22:36:28.708652,0.02,425.13,5.77
2026-08-16 22:36:28.729690,66.49,457.0,-2.9
2026-08-16 22:36:28.790851,0.12,417.04,3.52
2026-08-16 22:36:28.813561,46.29,433.1,-4.75
2026-08-16 22:36:28.869214,1e+31,1e+31,-4.87
2026-08-16 22:36:28.888749,1e+31,429.48,-1.48
2026-08-16 22:36:28.948935,0.55,686.04,0.73
2026-08-16 22:36:28.964692,52.8,416.39,-4.46
2026-08-16 22:36:28.986680,1e+31,1e+31,-1.68
2026-08-16 22:36:29.039290,0.03,421.64,0.64
2026-08-16 22:37:27.087545,45.33,385.16,0.88
2026-08-16 22:37:27.163314,1e+31,1e+31,4.36
2026-08-16 22:37:27.180090,44.25,390.47,-4.1
2026-08-16 22:37:27.231608,0.08,380.13,-3.07
2026-08-16 22:37:27.249725,39.5,426.36,0.44
2026-08-16 22:37:27.300955,0.02,332.3,-1.68
2026-08-16 22:37:27.318223,44.3,418.93,1.57
2026-08-16 22:37:27.371461,1e+31,1e+31,4.47
2026-08-16 22:37:27.387867,59.44,430.73,-2.82
2026-08-16 22:37:27.433933,1e+31,1e+31,-1.06
2026-08-16 22:37:27.450573,50.68,487.65,1.45
2026-08-16 22:37:27.512219,1e+31,1e+31,-2.3
2026-08-16 22:37:27.528280,44.37,460.48,2.45
2026-08-16 22:37:27.582044,1e+31,1e+31,-4.75
2026-08-16 22:37:27.601180,40.54,461.42,-3.11
2026-08-16 22:37:27.656918,1e+31,1e+31,7.62
2026-08-16 22:37:27.672770,1e+31,432.03,0.12
2026-08-16 22:37:27.731798,1e+31,1e+31,-5.13
2026-08-16 22:37:27.749224,39.14,451.42,3.37
2026-08-16 22:37:27.807326,0.03,328.9,-0.47
2026-08-16 22:37:27.822949,1e+31,420.13,-5.61
2026-08-16 22:37:27.863401,0.09,307.38,-1.77
2026-08-16 22:37:27.975245,0.07,462.92,-2.6
2026-08-16 22:37:28.080940,0.07,401.64,3.71
2026-08-16 22:37:28.154534,3.58,582.64,6.2
2026-08-16 22:37:28.208924,0.05,910.69,0.57
2026-08-16 22:37:28.259932,1e+31,1e+31,-1.03
2026-08-16 22:37:28.316923,0.14,566.2,-1.57
2026-08-16 22:37:28.333381,48.43,456.69,2.45
2026-08-16 22:37:28.390680,0.07,379.36,4.17
2026-08-16 22:37:28.409072,53.61,403.36,-1.63
2026-08-16 22:37:28.457020,1e+31,1e+31,-9.22
2026-08-16 22:37:28.479500,47.9,433.67,-0.47
2026-08-16 22:37:28.537762,1e+31,1e+31,2.59
2026-08-16 22:37:28.558955,41.13,426.87,-3.56
2026-08-16 22:37:28.622614,0.22,452.69,-3.42
2026-08-16 22:37:28.640566,45.57,453.55,-3.64
2026-08-16 22:37:28.708652,0.02,423.05,-4.65
2026-08-16 22:37:28.729690,66.54,416.59,0.21
2026-08-16 22:37:28.790851,0.08,438.67,-8.96
2026-08-16 22:37:28.813561,46.29,454.44,-4.61
2026-08-16 22:37:28.869214,1e+31,1e+31,-9.98
2026-08-16 22:37:28.888749,1e+31,408.16,-1.24
2026-08-16 22:37:28.948935,0.55,685.54,-11.31
2026-08-16 22:37:28.964692,52.73,403.35,5.57
2026-08-16 22:37:28.986680,1e+31,1e+31,-1.41
2026-08-16 22:37:29.039290,0.03,420.76,-3.49
2026-08-16 22:38:27.087545,45.96,380.17,-3.8
2026-08-16 22:38:27.163314,1e+31,1e+31,1.95
2026-08-16 22:38:27.180090,44.28,433.76,-1.05
2026-08-16 22:38:27.231608,0.07,378.29,-5.72
2026-08-16 22:38:27.249725,39.38,438.23,-2.33
2026-08-16 22:38:27.300955,0.02,331.93,-3.22
2026-08-16 22:38:27.318223,44.3,377.6,-11.38
2026-08-16 22:38:27.371461,1e+31,1e+31,-6.13
2026-08-16 22:38:27.387867,59.44,420.69,-3.62
2026-08-16 22:38:27.433933,1e+31,1e+31,-3.43
2026-08-16 22:38:27.450573,50.76,448.38,3.67
2026-08-16 22:38:27.512219,1e+31,1e+31,-0.68
2026-08-16 22:38:27.528280,44.26,460.54,5.96
2026-08-16 22:38:27.582044,1e+31,1e+31,1.67
2026-08-16 22:38:27.601180,40.55,400.05,0.56
2026-08-16 22:38:27.656918,1e+31,1e+31,-3.25
2026-08-16 22:38:27.672770,1e+31,479.05,2.66
2026-08-16 22:38:27.731798,1e+31,1e+31,5.76
2026-08-16 22:38:27.749224,39.3,462.88,1.94
2026-08-16 22:38:27.807326,1e+31,1e+31,0.31
2026-08-16 22:38:27.822949,1e+31,375.59,-9.55
2026-08-16 22:38:27.863401,0.08,311.91,15.53
2026-08-16 22:38:27.975245,0.07,462.89,5.13
2026-08-16 22:38:28.080940,1e+31,1e+31,0.67
2026-08-16 22:38:28.154534,1e+31,1e+31,0.18
2026-08-16 22:38:28.208924,1e+31,1e+31,-2.33
2026-08-16 22:38:28.259932,1e+31,1e+31,3.58
2026-08-16 22:38:28.316923,0.15,568.13,-5.06
2026-08-16 22:38:28.333381,48.4,440.96,9.12
2026-08-16 22:38:28.390680,0.07,377.42,-0.36
2026-08-16 22:38:28.409072,53.61,426.81,-9.25
2026-08-16 22:38:28.457020,1e+31,1e+31,3.38
2026-08-16 22:38:28.479500,47.81,425.01,11.11
2026-08-16 22:38:28.537762,1e+31,1e+31,-1.5
2026-08-16 22:38:28.558955,41.17,421.63,2.16
2026-08-16 22:38:28.622614,0.23,451.85,0.94
2026-08-16 22:38:28.640566,45.65,410.59,-5.76
2026-08-16 22:38:28.708652,0.02,422.24,-2.56
2026-08-16 22:38:28.729690,66.59,437.35,-8.85
2026-08-16 22:38:28.790851,0.1,424.73,-0.93
2026-08-16 22:38:28.813561,46.29,427.79,-6.88
2026-08-16 22:38:28.869214,1e+31,1e+31,8.92
2026-08-16 22:38:28.888749,1e+31,458.47,-5.91
2026-08-16 22:38:28.948935,0.55,683.1,0.46
2026-08-16 22:38:28.964692,52.67,468.7,0.87
2026-08-16 22:38:28.986680,1e+31,1e+31,2.25
2026-08-16 22:38:29.039290,0.04,421.78,11.12
2026-08-16 22:39:27.087545,45.58,453.34,-8.67
2026-08-16 22:39:27.163314,1e+31,1e+31,-1.82
2026-08-16 22:39:27.180090,44.25,410.2,0.75
2026-08-16 22:39:27.231608,0.08,382.44,-1.02
2026-08-16 22:39:27.249725,39.38,425.07,4.52
2026-08-16 22:39:27.300955,0.02,334.95,-1.53
2026-08-16 22:39:27.318223,38.75,417.41,0.04
2026-08-16 22:39:27.371461,1e+31,1e+31,2.83
2026-08-16 22:39:27.387867,58.99,404.61,1.13
2026-08-16 22:39:27.433933,1e+31,1e+31,1.72
2026-08-16 22:39:27.450573,50.92,445.23,-2.61
2026-08-16 22:39:27.512219,1e+31,1e+31,5.02
2026-08-16 22:39:27.528280,44.25,508.65,-6.38
2026-08-16 22:39:27.582044,1e+31,1e+31,7.14
2026-08-16 22:39:27.601180,40.64,388.43,-11.63
2026-08-16 22:39:27.656918,1e+31,1e+31,-0.09
2026-08-16 22:39:27.672770,1e+31,463.22,3.08
2026-08-16 22:39:27.731798,1e+31,1e+31,-7.24
2026-08-16 22:39:27.749224,39.14,434.46,1.78
2026-08-16 22:39:27.807326,1e+31,1e+31,-0.7
2026-08-16 22:39:27.822949,1e+31,433.36,6.3
2026-08-16 22:39:27.863401,0.09,310.39,1.88
2026-08-16 22:39:27.975245,0.07,461.0,2.02
2026-08-16 22:39:28.080940,0.08,402.75,0.58
2026-08-16 22:39:28.154534,1e+31,1e+31,0.15
2026-08-16 22:39:28.208924,1e+31,1e+31,-0.85
2026-08-16 22:39:28.259932,1e+31,1e+31,5.52
2026-08-16 22:39:28.316923,0.15,567.71,6.75
2026-08-16 22:39:28.333381,48.38,468.9,-3.02
2026-08-16 22:39:28.390680,0.07,376.14,-2.56
2026-08-16 22:39:28.409072,53.61,452.88,-6.25
2026-08-16 22:39:28.457020,1e+31,1e+31,-1.66
2026-08-16 22:39:28.479500,47.71,428.03,-0.87
2026-08-16 22:39:28.537762,1e+31,1e+31,-0.54
2026-08-16 22:39:28.558955,41.21,424.64,1.2
2026-08-16 22:39:28.622614,0.25,451.71,-5.59
2026-08-16 22:39:28.640566,45.72,447.2,-1.51
2026-08-16 22:39:28.708652,0.02,424.89,5.13
2026-08-16 22:39:28.729690,66.65,448.51,5.09
2026-08-16 22:39:28.790851,0.09,427.65,0.14
2026-08-16 22:39:28.813561,46.29,464.59,-5.77
2026-08-16 22:39:28.869214,1e+31,1e+31,0.49
2026-08-16 22:39:28.888749,1e+31,428.51,0.76
2026-08-16 22:39:28.948935,0.56,691.16,8.29
2026-08-16 22:39:28.964692,52.6,407.51,-5.84
2026-08-16 22:39:28.986680,1e+31,1e+31,-0.41
2026-08-16 22:39:29.039290,0.04,421.89,-3.77
2026-08-16 22:40:27.087545,45.58,412.35,5.05
2026-08-16 22:40:27.163314,1e+31,1e+31,2.89
2026-08-16 22:40:27.180090,44.28,431.06,-7.13
2026-08-16 22:40:27.231608,0.08,376.76,0.88
2026-08-16 22:40:27.249725,39.38,429.89,-0.45
2026-08-16 22:40:27.300955,0.02,335.77,-1.18
2026-08-16 22:40:27.318223,38.75,418.64,-1.04
2026-08-16 22:40:27.371461,1e+31,1e+31,2.49
2026-08-16 22:40:27.387867,58.89,440.43,8.33
2026-08-16 22:40:27.433933,1e+31,1e+31,-0.89
2026-08-16 22:40:27.450573,50.92,435.06,1.96
2026-08-16 22:40:27.512219,1e+31,1e+31,-6.59
2026-08-16 22:40:27.528280,44.26,415.81,0.51
2026-08-16 22:40:27.582044,0.06,367.54,-1.16
2026-08-16 22:40:27.601180,40.54,447.08,7.31
2026-08-16 22:40:27.656918,0.13,315.75,0.01
2026-08-16 22:40:27.672770,1e+31,475.49,-3.96
2026-08-16 22:40:27.731798,1e+31,1e+31,-0.45
2026-08-16 22:40:27.749224,39.14,430.36,1.85
2026-08-16 22:40:27.807326,1e+31,1e+31,-0.99
2026-08-16 22:40:27.822949,1e+31,437.8,4.93
2026-08-16 22:40:27.863401,0.09,311.77,2.03
2026-08-16 22:40:27.975245,0.06,463.15,2.12
2026-08-16 22:40:28.080940,0.07,404.48,-0.3
2026-08-16 22:40:28.154534,1e+31,1e+31,8.98
2026-08-16 22:40:28.208924,0.06,901.05,-2.36
2026-08-16 22:40:28.259932,1e+31,1e+31,-1.58
2026-08-16 22:40:28.316923,0.07,563.95,0.82
2026-08-16 22:40:28.333381,48.36,465.28,2.35
2026-08-16 22:40:28.390680,0.07,374.52,5.13
2026-08-16 22:40:28.409072,53.6,467.58,-6.06
2026-08-16 22:40:28.457020,1e+31,1e+31,-0.16
2026-08-16 22:40:28.479500,47.62,421.41,1.45
2026-08-16 22:40:28.537762,1e+31,1e+31,-1.67
2026-08-16 22:40:28.558955,41.25,434.77,-4.8
2026-08-16 22:40:28.622614,0.29,451.93,-5.57
2026-08-16 22:40:28.640566,45.8,458.99,-3.69
2026-08-16 22:40:28.708652,0.02,424.64,-9.6
2026-08-16 22:40:28.729690,66.7,436.0,-10.26
2026-08-16 22:40:28.790851,1e+31,1e+31,-2.36
2026-08-16 22:40:28.813561,46.29,404.67,-0.77
2026-08-16 22:40:28.869214,1e+31,1e+31,2.56
2026-08-16 22:40:28.888749,1e+31,461.64,-0.49
2026-08-16 22:40:28.948935,0.54,691.44,5.68
2026-08-16 22:40:28.964692,52.54,381.96,-0.91
2026-08-16 22:40:28.986680,1e+31,1e+31,7.1
2026-08-16 22:40:29.039290,0.03,419.98,1.8
2026-08-16 22:41:27.087545,45.96,452.12,-1.66
2026-08-16 22:41:27.163314,1e+31,1e+31,4.47
2026-08-16 22:41:27.180090,44.28,406.07,2.63
2026-08-16 22:41:27.231608,0.07,374.67,1.13
2026-08-16 22:41:27.249725,39.24,396.34,3.25
2026-08-16 22:41:27.300955,0.02,334.66,-0.08
2026-08-16 22:41:27.318223,38.74,410.5,5.04
2026-08-16 22:41:27.371461,1e+31,1e+31,-2.39
2026-08-16 22:41:27.387867,57.96,430.12,5.69
2026-08-16 22:41:27.433933,0.03,372.22,-8.65
2026-08-16 22:41:27.450573,50.92,438.73,-9.12
2026-08-16 22:41:27.512219,1e+31,1e+31,-8.14
2026-08-16 22:41:27.528280,44.37,404.01,0.42
2026-08-16 22:41:27.582044,1e+31,1e+31,-3.63
2026-08-16 22:41:27.601180,40.67,436.0,4.31
2026-08-16 22:41:27.656918,1e+31,1e+31,-1.39
2026-08-16 22:41:27.672770,1e+31,415.31,-6.03
2026-08-16 22:41:27.731798,1e+31,1e+31,-2.86
2026-08-16 22:41:27.749224,37.54,434.22,7.52
2026-08-16 22:41:27.807326,0.02,328.65,0.58
2026-08-16 22:41:27.822949,1e+31,415.03,-3.33
2026-08-16 22:41:27.863401,0.09,307.62,-2.54
2026-08-16 22:41:27.975245,0.07,460.63,3.23
2026-08-16 22:41:28.080940,0.08,400.96,3.54
2026-08-16 22:41:28.154534,3.79,585.03,3.55
2026-08-16 22:41:28.208924,1e+31,1e+31,2.64
2026-08-16 22:41:28.259932,1e+31,1e+31,0.94
2026-08-16 22:41:28.316923,0.07,562.51,-0.08
2026-08-16 22:41:28.333381,48.33,458.57,4.29
2026-08-16 22:41:28.390680,0.07,382.63,-2.02
2026-08-16 22:41:28.409072,53.6,451.11,-3.83
2026-08-16 22:41:28.457020,1e+31,1e+31,12.17
2026-08-16 22:41:28.479500,47.53,473.63,0.2
2026-08-16 22:41:28.537762,1e+31,1e+31,-0.57
2026-08-16 22:41:28.558955,41.29,413.03,-0.77
2026-08-16 22:41:28.622614,0.29,451.55,4.8
2026-08-16 22:41:28.640566,45.87,408.3,2.02
2026-08-16 22:41:28.708652,0.02,422.53,3.34
2026-08-16 22:41:28.729690,66.75,434.33,-2.96
2026-08-16 22:41:28.790851,0.09,432.99,10.46
2026-08-16 22:41:28.813561,46.29,410.11,-7.83
2026-08-16 22:41:28.869214,1e+31,1e+31,4.5
2026-08-16 22:41:28.888749,1e+31,471.09,-9.45
2026-08-16 22:41:28.948935,0.54,695.07,0.65
2026-08-16 22:41:28.964692,52.48,437.46,5.17
2026-08-16 22:41:28.986680,1e+31,1e+31,-3.31
2026-08-16 22:41:29.039290,0.04,421.36,3.52
2026-08-16 22:42:27.087545,46.08,411.28,-2.54
2026-08-16 22:42:27.163314,1e+31,1e+31,-2.48
2026-08-16 22:42:27.180090,44.35,412.6,0.04
2026-08-16 22:42:27.231608,0.07,376.49,-4.08
2026-08-16 22:42:27.249725,39.24,429.73,-8.6
2026-08-16 22:42:27.300955,0.02,337.1,-8.57
2026-08-16 22:42:27.318223,38.62,360.59,-1.02
2026-08-16 22:42:27.371461,1e+31,1e+31,0.95
2026-08-16 22:42:27.387867,57.69,400.03,-6.54
2026-08-16 22:42:27.433933,1e+31,1e+31,-3.36
2026-08-16 22:42:27.450573,50.92,466.55,6.05
2026-08-16 22:42:27.512219,1e+31,1e+31,-0.41
2026-08-16 22:42:27.528280,44.52,412.12,-4.13
2026-08-16 22:42:27.582044,1e+31,1e+31,-6.17
2026-08-16 22:42:27.601180,40.77,423.53,-2.36
2026-08-16 22:42:27.656918,1e+31,1e+31,-11.55
2026-08-16 22:42:27.672770,1e+31,443.57,6.36
2026-08-16 22:42:27.731798,1e+31,1e+31,-4.43
2026-08-16 22:42:27.749224,37.51,469.1,1.34
2026-08-16 22:42:27.807326,0.02,329.83,-0.67
2026-08-16 22:42:27.822949,1e+31,454.97,2.75
2026-08-16 22:42:27.863401,0.08,309.9,0.11
2026-08-16 22:42:27.975245,0.07,463.17,-0.32
2026-08-16 22:42:28.080940,0.08,401.79,-2.21
2026-08-16 22:42:28.154534,1e+31,1e+31,-9.95
2026-08-16 22:42:28.208924,0.06,900.14,1.85
2026-08-16 22:42:28.259932,0.21,810.33,2.96
2026-08-16 22:42:28.316923,0.08,562.15,8.58
2026-08-16 22:42:28.333381,48.31,410.51,-1.09
2026-08-16 22:42:28.390680,0.07,382.19,3.78
2026-08-16 22:42:28.409072,53.6,418.02,4.91
2026-08-16 22:42:28.457020,1e+31,1e+31,3.54
2026-08-16 22:42:28.479500,47.44,464.77,-2.06
2026-08-16 22:42:28.537762,1e+31,1e+31,-5.4
2026-08-16 22:42:28.558955,41.33,457.96,4.66
2026-08-16 22:42:28.622614,0.3,451.69,-2.4
2026-08-16 22:42:28.640566,45.94,407.2,-0.83
2026-08-16 22:42:28.708652,1e+31,1e+31,5.14
2026-08-16 22:42:28.729690,66.8,433.46,-0.91
2026-08-16 22:42:28.790851,1e+31,1e+31,-7.59
2026-08-16 22:42:28.813561,46.29,429.38,2.27
2026-08-16 22:42:28.869214,1e+31,1e+31,4.43
2026-08-16 22:42:28.888749,1e+31,409.68,0.61
2026-08-16 22:42:28.948935,0.52,686.97,7.96
2026-08-16 22:42:28.964692,52.41,460.76,5.24
2026-08-16 22:42:28.986680,1e+31,1e+31,-5.68
2026-08-16 22:42:29.039290,0.03,421.69,-2.53
2026-08-16 22:43:27.087545,46.08,403.01,3.2
2026-08-16 22:43:27.163314,1e+31,1e+31,-1.07
2026-08-16 22:43:27.180090,44.32,472.16,-2.35
2026-08-16 22:43:27.231608,0.07,376.1,-0.84
2026-08-16 22:43:27.249725,39.08,425.48,1.41
2026-08-16 22:43:27.300955,0.02,331.93,0.15
2026-08-16 22:43:27.318223,38.33,398.99,-0.71
2026-08-16 22:43:27.371461,1e+31,1e+31,4.69
2026-08-16 22:43:27.387867,57.24,444.74,-0.11
2026-08-16 22:43:27.433933,1e+31,1e+31,9.9
2026-08-16 22:43:27.450573,50.92,442.51,-2.29
2026-08-16 22:43:27.512219,1e+31,1e+31,6.48
2026-08-16 22:43:27.528280,44.53,443.45,-4.65
2026-08-16 22:43:27.582044,1e+31,1e+31,0.81
2026-08-16 22:43:27.601180,40.79,404.21,0.49
2026-08-16 22:43:27.656918,0.12,315.88,-9.49
2026-08-16 22:43:27.672770,1e+31,395.28,3.55
2026-08-16 22:43:27.731798,1e+31,1e+31,5.13
2026-08-16 22:43:27.749224,36.04,452.8,2.4
2026-08-16 22:43:27.807326,0.02,326.72,-1.33
2026-08-16 22:43:27.822949,1e+31,466.46,3.58
2026-08-16 22:43:27.863401,0.1,304.83,4.45
2026-08-16 22:43:27.975245,0.07,463.55,5.3
2026-08-16 22:43:28.080940,0.08,400.57,-0.64
2026-08-16 22:43:28.154534,3.44,593.45,-2.73
2026-08-16 22:43:28.208924,1e+31,1e+31,-1.68
2026-08-16 22:43:28.259932,0.23,811.2,-3.87
2026-08-16 22:43:28.316923,0.07,562.64,-5.96
2026-08-16 22:43:28.333381,48.29,409.9,-1.14
2026-08-16 22:43:28.390680,0.06,386.63,4.33
2026-08-16 22:43:28.409072,53.6,407.69,-0.47
2026-08-16 22:43:28.457020,1e+31,1e+31,-8.68
2026-08-16 22:43:28.479500,47.35,423.12,-2.69
2026-08-16 22:43:28.537762,1e+31,1e+31,7.55
2026-08-16 22:43:28.558955,41.37,495.7,6.98
2026-08-16 22:43:28.622614,0.33,451.52,-9.99
2026-08-16 22:43:28.640566,46.01,443.13,3.78
2026-08-16 22:43:28.708652,0.03,422.74,3.06
2026-08-16 22:43:28.729690,66.85,380.15,0.82
2026-08-16 22:43:28.790851,0.08,429.64,5.07
2026-08-16 22:43:28.813561,46.29,426.04,-3.89
2026-08-16 22:43:28.869214,1e+31,1e+31,-1.66
2026-08-16 22:43:28.888749,1e+31,465.65,-3.33
2026-08-16 22:43:28.948935,0.54,683.41,1.87
2026-08-16 22:43:28.964692,52.35,465.19,9.26
2026-08-16 22:43:28.986680,1e+31,1e+31,-0.02
2026-08-16 22:43:29.039290,0.03,421.86,-5.66
2026-08-16 22:44:27.087545,45.96,428.34,-4.12
2026-08-16 22:44:27.163314,1e+31,1e+31,4.25
2026-08-16 22:44:27.180090,44.28,459.12,-12.98
2026-08-16 22:44:27.231608,0.07,376.18,-0.86
2026-08-16 22:44:27.249725,39.24,407.21,-6.77
2026-08-16 22:44:27.300955,0.02,333.74,-14.38
2026-08-16 22:44:27.318223,38.33,408.31,-1.91
2026-08-16 22:44:27.371461,1e+31,1e+31,1.94
2026-08-16 22:44:27.387867,57.07,420.87,-2.42
2026-08-16 22:44:27.433933,1e+31,1e+31,-2.04
2026-08-16 22:44:27.450573,50.92,443.88,0.39
2026-08-16 22:44:27.512219,1e+31,1e+31,0.8
2026-08-16 22:44:27.528280,45.12,410.25,2.42
2026-08-16 22:44:27.582044,1e+31,1e+31,-8.21
2026-08-16 22:44:27.601180,40.82,411.19,4.86
2026-08-16 22:44:27.656918,0.12,316.46,-0.03
2026-08-16 22:44:27.672770,1e+31,468.66,8.38
2026-08-16 22:44:27.731798,1e+31,1e+31,1.59
2026-08-16 22:44:27.749224,35.84,476.04,5.68
2026-08-16 22:44:27.807326,1e+31,1e+31,6.99
2026-08-16 22:44:27.822949,1e+31,405.93,-6.31
2026-08-16 22:44:27.863401,0.09,305.39,-0.26
2026-08-16 22:44:27.975245,0.07,460.94,0.8
2026-08-16 22:44:28.080940,0.07,402.52,2.34
2026-08-16 22:44:28.154534,1e+31,1e+31,1.74
2026-08-16 22:44:28.208924,1e+31,1e+31,1.71
2026-08-16 22:44:28.259932,0.23,813.07,-3.73
2026-08-16 22:44:28.316923,0.1,563.23,-0.04
2026-08-16 22:44:28.333381,48.26,367.87,-1.96
2026-08-16 22:44:28.390680,0.07,378.53,-5.37
2026-08-16 22:44:28.409072,53.6,488.79,-5.53
2026-08-16 22:44:28.457020,1e+31,1e+31,-2.92
2026-08-16 22:44:28.479500,47.26,387.89,-0.58
2026-08-16 22:44:28.537762,1e+31,1e+31,5.36
2026-08-16 22:44:28.558955,41.4,448.72,-8.87
2026-08-16 22:44:28.622614,0.33,450.95,-1.41
2026-08-16 22:44:28.640566,46.08,411.13,-0.28
2026-08-16 22:44:28.708652,0.03,423.66,6.19
2026-08-16 22:44:28.729690,66.9,436.33,1.51
2026-08-16 22:44:28.790851,0.12,419.66,-2.07
2026-08-16 22:44:28.813561,46.29,384.98,-3.3
2026-08-16 22:44:28.869214,1e+31,1e+31,-3.62
2026-08-16 22:44:28.888749,1e+31,423.51,-0.76
2026-08-16 22:44:28.948935,0.55,677.95,8.49
2026-08-16 22:44:28.964692,52.29,461.09,-1.22
2026-08-16 22:44:28.986680,1e+31,1e+31,7.18
2026-08-16 22:44:29.039290,0.04,421.27,0.66
2026-08-16 22:45:27.087545,45.58,376.73,-1.16
2026-08-16 22:45:27.163314,1e+31,1e+31,-0.65
2026-08-16 22:45:27.180090,44.32,458.57,3.63
2026-08-16 22:45:27.231608,0.08,377.48,-2.68
2026-08-16 22:45:27.249725,39.24,415.82,-3.26
2026-08-16 22:45:27.300955,0.02,334.41,5.63
2026-08-16 22:45:27.318223,38.62,448.26,3.57
2026-08-16 22:45:27.371461,1e+31,1e+31,-5.78
2026-08-16 22:45:27.387867,57.07,378.91,0.43
2026-08-16 22:45:27.433933,1e+31,1e+31,-3.98
2026-08-16 22:45:27.450573,50.68,470.55,1.77
2026-08-16 22:45:27.512219,1e+31,1e+31,9.33
2026-08-16 22:45:27.528280,45.38,461.89,-7.65
2026-08-16 22:45:27.582044,1e+31,1e+31,-10.39
2026-08-16 22:45:27.601180,40.93,416.27,-10.28
2026-08-16 22:45:27.656918,0.11,318.07,-0.06
2026-08-16 22:45:27.672770,1e+31,384.06,-4.73
2026-08-16 22:45:27.731798,1e+31,1e+31,0.11
2026-08-16 22:45:27.749224,35.7,426.62,-0.65
2026-08-16 22:45:27.807326,1e+31,1e+31,-0.03
2026-08-16 22:45:27.822949,1e+31,456.9,-8.32
2026-08-16 22:45:27.863401,1e+31,1e+31,0.43
2026-08-16 22:45:27.975245,0.07,461.71,-5.95
2026-08-16 22:45:28.080940,1e+31,1e+31,0.61
2026-08-16 22:45:28.154534,1e+31,1e+31,-0.74
2026-08-16 22:45:28.208924,1e+31,1e+31,-1.2
2026-08-16 22:45:28.259932,0.24,812.88,1.05
2026-08-16 22:45:28.316923,0.1,563.13,-4.87
2026-08-16 22:45:28.333381,48.24,452.25,-0.79
2026-08-16 22:45:28.390680,0.08,382.68,-1.97
2026-08-16 22:45:28.409072,53.6,458.04,-0.01
2026-08-16 22:45:28.457020,1e+31,1e+31,0.17
2026-08-16 22:45:28.479500,47.18,436.85,-0.38
2026-08-16 22:45:28.537762,0.07,321.43,4.77
2026-08-16 22:45:28.558955,41.44,357.96,2.04
2026-08-16 22:45:28.622614,0.32,451.58,-1.11
2026-08-16 22:45:28.640566,46.15,436.99,2.56
2026-08-16 22:45:28.708652,0.03,426.78,2.52
2026-08-16 22:45:28.729690,66.94,438.23,-2.26
2026-08-16 22:45:28.790851,1e+31,1e+31,-0.57
2026-08-16 22:45:28.813561,46.29,421.0,3.85
2026-08-16 22:45:28.869214,0.05,420.92,1.17
2026-08-16 22:45:28.888749,1e+31,422.58,-1.32
2026-08-16 22:45:28.948935,0.54,687.25,-4.48
2026-08-16 22:45:28.964692,52.23,483.41,6.04
2026-08-16 22:45:28.986680,1e+31,1e+31,-1.75
2026-08-16 22:45:29.039290,0.04,423.56,1.32
2026-08-16 22:46:27.087545,44.81,476.83,-1.49
2026-08-16 22:46:27.163314,1e+31,1e+31,-3.93
2026-08-16 22:46:27.180090,44.32,449.79,-6.03
2026-08-16 22:46:27.231608,0.06,375.89,-2.81
2026-08-16 22:46:27.249725,39.41,400.45,-3.26
2026-08-16 22:46:27.300955,0.02,336.7,1.92
2026-08-16 22:46:27.318223,38.74,440.77,4.28
2026-08-16 22:46:27.371461,1e+31,1e+31,2.7
2026-08-16 22:46:27.387867,56.24,430.37,-4.34
2026-08-16 22:46:27.433933,1e+31,1e+31,4.9
2026-08-16 22:46:27.450573,50.58,459.4,-1.39
2026-08-16 22:46:27.512219,1e+31,1e+31,1.26
2026-08-16 22:46:27.528280,45.38,450.88,0.33
2026-08-16 22:46:27.582044,1e+31,1e+31,-11.23
2026-08-16 22:46:27.601180,41.13,477.08,-1.96
2026-08-16 22:46:27.656918,0.1,317.83,-5.2
2026-08-16 22:46:27.672770,1e+31,399.76,8.56
2026-08-16 22:46:27.731798,1e+31,1e+31,6.26
2026-08-16 22:46:27.749224,35.69,425.5,0.68
2026-08-16 22:46:27.807326,1e+31,1e+31,0.86
2026-08-16 22:46:27.822949,1e+31,397.04,-0.39
2026-08-16 22:46:27.863401,0.09,304.61,0.56
2026-08-16 22:46:27.975245,0.07,462.71,0.24
2026-08-16 22:46:28.080940,0.07,400.74,-4.62
2026-08-16 22:46:28.154534,1e+31,1e+31,2.25
2026-08-16 22:46:28.208924,0.1,873.54,-5.49
2026-08-16 22:46:28.259932,0.24,811.97,1.78
2026-08-16 22:46:28.316923,0.1,564.29,-0.16
2026-08-16 22:46:28.333381,48.22,437.82,3.01
2026-08-16 22:46:28.390680,0.08,381.68,1.89
2026-08-16 22:46:28.409072,53.6,438.61,4.17
2026-08-16 22:46:28.457020,1e+31,1e+31,-5.69
2026-08-16 22:46:28.479500,47.09,434.48,-3.83
2026-08-16 22:46:28.537762,1e+31,1e+31,-0.56
2026-08-16 22:46:28.558955,41.48,436.16,-1.43
2026-08-16 22:46:28.622614,0.34,450.68,5.65
2026-08-16 22:46:28.640566,46.22,412.89,-1.87
2026-08-16 22:46:28.708652,0.03,424.34,-9.12
2026-08-16 22:46:28.729690,66.99,399.79,7.48
2026-08-16 22:46:28.790851,0.13,411.18,-4.76
2026-08-16 22:46:28.813561,46.29,422.7,-0.16
2026-08-16 22:46:28.869214,1e+31,1e+31,2.87
2026-08-16 22:46:28.888749,1e+31,359.04,1.58
2026-08-16 22:46:28.948935,0.55,682.72,-1.38
2026-08-16 22:46:28.964692,52.17,455.42,-9.99
2026-08-16 22:46:28.986680,1e+31,1e+31,0.49
2026-08-16 22:46:29.039290,0.04,421.84,-6.49
2026-08-16 22:47:27.087545,44.81,463.16,2.8
2026-08-16 22:47:27.163314,1e+31,1e+31,11.38
2026-08-16 22:47:27.180090,44.32,398.35,-7.0
2026-08-16 22:47:27.231608,0.06,373.94,-10.85
2026-08-16 22:47:27.249725,39.76,414.81,1.48
2026-08-16 22:47:27.300955,0.02,332.18,-0.74
2026-08-16 22:47:27.318223,38.74,401.6,6.96
2026-08-16 22:47:27.371461,1e+31,1e+31,0.45
2026-08-16 22:47:27.387867,56.24,438.15,-1.66
2026-08-16 22:47:27.433933,1e+31,1e+31,3.69
2026-08-16 22:47:27.450573,50.53,437.48,-3.23
2026-08-16 22:47:27.512219,1e+31,1e+31,-0.39
2026-08-16 22:47:27.528280,45.38,382.83,1.94
2026-08-16 22:47:27.582044,1e+31,1e+31,5.67
2026-08-16 22:47:27.601180,41.38,466.72,-0.17
2026-08-16 22:47:27.656918,1e+31,1e+31,1.94
2026-08-16 22:47:27.672770,1e+31,435.57,-12.72
2026-08-16 22:47:27.731798,1e+31,1e+31,4.38
2026-08-16 22:47:27.749224,35.31,418.74,3.23
2026-08-16 22:47:27.807326,0.02,332.1,-0.6
2026-08-16 22:47:27.822949,1e+31,449.43,-0.29
2026-08-16 22:47:27.863401,0.1,301.83,4.59
2026-08-16 22:47:27.975245,0.07,462.15,-1.21
2026-08-16 22:47:28.080940,1e+31,1e+31,6.86
2026-08-16 22:47:28.154534,1e+31,1e+31,1.83
2026-08-16 22:47:28.208924,0.08,894.07,-1.54
2026-08-16 22:47:28.259932,1e+31,1e+31,-4.02
2026-08-16 22:47:28.316923,0.1,564.5,-1.0
2026-08-16 22:47:28.333381,48.2,405.48,4.46
2026-08-16 22:47:28.390680,0.07,380.87,0.06
2026-08-16 22:47:28.409072,53.6,462.67,-5.38
2026-08-16 22:47:28.457020,1e+31,1e+31,4.69
2026-08-16 22:47:28.479500,47.0,425.07,-2.37
2026-08-16 22:47:28.537762,1e+31,1e+31,1.19
2026-08-16 22:47:28.558955,41.52,410.37,3.59
2026-08-16 22:47:28.622614,1e+31,1e+31,1.37
2026-08-16 22:47:28.640566,46.29,426.67,7.07
2026-08-16 22:47:28.708652,0.02,424.98,0.41
2026-08-16 22:47:28.729690,67.04,395.29,3.23
2026-08-16 22:47:28.790851,0.08,437.98,2.24
2026-08-16 22:47:28.813561,46.29,406.76,1.29
2026-08-16 22:47:28.869214,1e+31,1e+31,-4.89
2026-08-16 22:47:28.888749,1e+31,440.63,4.83
2026-08-16 22:47:28.948935,0.53,693.1,-2.66
2026-08-16 22:47:28.964692,52.11,432.68,1.12
2026-08-16 22:47:28.986680,1e+31,1e+31,4.14
2026-08-16 22:47:29.039290,0.03,420.68,2.21
2026-08-16 22:48:27.087545,44.72,395.74,3.94
2026-08-16 22:48:27.163314,1e+31,1e+31,3.87
2026-08-16 22:48:27.180090,44.35,465.07,-4.5
2026-08-16 22:48:27.231608,0.06,377.91,7.09
2026-08-16 22:48:27.249725,39.83,409.67,-4.26
2026-08-16 22:48:27.300955,0.02,332.97,-7.06
2026-08-16 22:48:27.318223,38.19,428.29,-0.96
2026-08-16 22:48:27.371461,1e+31,1e+31,3.35
2026-08-16 22:48:27.387867,56.24,452.76,-3.48
2026-08-16 22:48:27.433933,1e+31,1e+31,1.9
2026-08-16 22:48:27.450573,50.53,467.33,0.7
2026-08-16 22:48:27.512219,1e+31,1e+31,6.23
2026-08-16 22:48:27.528280,45.38,470.19,1.63
2026-08-16 22:48:27.582044,1e+31,1e+31,6.59
2026-08-16 22:48:27.601180,41.38,445.51,-3.39
2026-08-16 22:48:27.656918,1e+31,1e+31,-1.69
2026-08-16 22:48:27.672770,1e+31,426.5,0.75
2026-08-16 22:48:27.731798,1e+31,1e+31,1.15
2026-08-16 22:48:27.749224,35.2,407.19,-2.65
2026-08-16 22:48:27.807326,0.02,330.37,5.06
2026-08-16 22:48:27.822949,1e+31,422.6,-0.16
2026-08-16 22:48:27.863401,0.08,305.59,3.55
2026-08-16 22:48:27.975245,0.06,463.53,-2.34
2026-08-16 22:48:28.080940,1e+31,1e+31,7.48
2026-08-16 22:48:28.154534,1e+31,1e+31,-1.57
2026-08-16 22:48:28.208924,0.07,889.89,-3.37
2026-08-16 22:48:28.259932,0.23,810.94,0.39
2026-08-16 22:48:28.316923,0.1,566.74,-1.51
2026-08-16 22:48:28.333381,48.18,434.6,6.77
2026-08-16 22:48:28.390680,0.06,388.44,1.72
2026-08-16 22:48:28.409072,53.6,423.21,-1.61
2026-08-16 22:48:28.457020,1e+31,1e+31,-1.7
2026-08-16 22:48:28.479500,46.91,444.49,3.25
2026-08-16 22:48:28.537762,1e+31,1e+31,3.86
2026-08-16 22:48:28.558955,41.56,428.95,-4.99
2026-08-16 22:48:28.622614,0.34,452.25,-0.14
2026-08-16 22:48:28.640566,46.36,404.81,2.03
2026-08-16 22:48:28.708652,0.03,423.71,-3.24
2026-08-16 22:48:28.729690,67.09,408.41,-0.92
2026-08-16 22:48:28.790851,1e+31,1e+31,-3.33
2026-08-16 22:48:28.813561,46.29,418.61,3.56
2026-08-16 22:48:28.869214,1e+31,1e+31,-2.58
2026-08-16 22:48:28.888749,1e+31,386.65,0.03
2026-08-16 22:48:28.948935,0.52,691.35,2.09
2026-08-16 22:48:28.964692,52.05,392.04,1.84
2026-08-16 22:48:28.986680,1e+31,1e+31,-4.77
2026-08-16 22:48:29.039290,0.04,420.45,2.01
2026-08-16 22:49:27.087545,44.81,405.64,-4.89
2026-08-16 22:49:27.163314,1e+31,1e+31,9.75
2026-08-16 22:49:27.180090,44.46,395.08,0.03
2026-08-16 22:49:27.231608,0.07,378.63,6.04
2026-08-16 22:49:27.249725,39.89,439.52,2.89
2026-08-16 22:49:27.300955,0.02,335.95,1.48
2026-08-16 22:49:27.318223,38.19,389.5,-2.32
2026-08-16 22:49:27.371461,1e+31,1e+31,3.8
2026-08-16 22:49:27.387867,56.24,407.39,7.33
2026-08-16 22:49:27.433933,1e+31,1e+31,-7.92
2026-08-16 22:49:27.450573,50.53,377.64,6.95
2026-08-16 22:49:27.512219,1e+31,1e+31,0.53
2026-08-16 22:49:27.528280,45.38,431.49,1.25
2026-08-16 22:49:27.582044,1e+31,1e+31,-10.23
2026-08-16 22:49:27.601180,41.38,428.34,7.07
2026-08-16 22:49:27.656918,0.12,321.26,2.95
2026-08-16 22:49:27.672770,1e+31,448.19,3.14
2026-08-16 22:49:27.731798,1e+31,1e+31,0.54
2026-08-16 22:49:27.749224,35.03,466.41,-1.58
2026-08-16 22:49:27.807326,0.02,330.09,-8.09
2026-08-16 22:49:27.822949,1e+31,399.82,-3.31
2026-08-16 22:49:27.863401,0.1,298.68,-0.72
2026-08-16 22:49:27.975245,0.06,463.67,-9.73
2026-08-16 22:49:28.080940,1e+31,1e+31,0.62
2026-08-16 22:49:28.154534,1e+31,1e+31,-1.65
2026-08-16 22:49:28.208924,1e+31,1e+31,-4.29
2026-08-16 22:49:28.259932,0.24,811.92,-3.69
2026-08-16 22:49:28.316923,0.1,564.52,0.92
2026-08-16 22:49:28.333381,48.17,447.19,-3.59
2026-08-16 22:49:28.390680,0.07,384.92,-3.02
2026-08-16 22:49:28.409072,53.6,447.42,2.56
2026-08-16 22:49:28.457020,1e+31,1e+31,-10.33
2026-08-16 22:49:28.479500,46.82,427.42,-1.9
2026-08-16 22:49:28.537762,1e+31,1e+31,-4.91
2026-08-16 22:49:28.558955,41.6,467.98,-2.25
2026-08-16 22:49:28.622614,0.34,451.22,-1.3
2026-08-16 22:49:28.640566,46.42,454.87,-9.94
2026-08-16 22:49:28.708652,0.03,424.21,-10.71
2026-08-16 22:49:28.729690,67.14,436.47,-0.04
2026-08-16 22:49:28.790851,1e+31,1e+31,-2.25
2026-08-16 22:49:28.813561,46.29,432.77,3.63
2026-08-16 22:49:28.869214,1e+31,1e+31,7.09
2026-08-16 22:49:28.888749,1e+31,363.89,-0.73
2026-08-16 22:49:28.948935,0.52,697.77,0.24
2026-08-16 22:49:28.964692,51.99,449.59,-0.19
2026-08-16 22:49:28.986680,1e+31,1e+31,2.13
2026-08-16 22:49:29.039290,0.04,422.55,4.11
2026-08-16 22:50:27.087545,44.72,461.56,2.29
2026-08-16 22:50:27.163314,1e+31,1e+31,-1.39
2026-08-16 22:50:27.180090,44.46,377.1,4.47
2026-08-16 22:50:27.231608,0.07,376.75,-4.98
2026-08-16 22:50:27.249725,39.89,457.69,3.44
2026-08-16 22:50:27.300955,0.03,332.17,-2.48
2026-08-16 22:50:27.318223,39.48,422.25,0.47
2026-08-16 22:50:27.371461,1e+31,1e+31,3.52
2026-08-16 22:50:27.387867,56.24,431.98,-0.77
2026-08-16 22:50:27.433933,1e+31,1e+31,-3.62
2026-08-16 22:50:27.450573,50.47,401.87,1.49
2026-08-16 22:50:27.512219,1e+31,1e+31,3.55
2026-08-16 22:50:27.528280,45.45,354.26,-1.2
2026-08-16 22:50:27.582044,1e+31,1e+31,-1.75
2026-08-16 22:50:27.601180,41.38,420.11,-1.27
2026-08-16 22:50:27.656918,1e+31,1e+31,-1.1
2026-08-16 22:50:27.672770,1e+31,434.73,-2.9
2026-08-16 22:50:27.731798,1e+31,1e+31,2.27
2026-08-16 22:50:27.749224,35.03,452.28,-2.24
2026-08-16 22:50:27.807326,1e+31,1e+31,0.95
2026-08-16 22:50:27.822949,1e+31,407.67,-10.76
2026-08-16 22:50:27.863401,0.08,306.22,2.69
2026-08-16 22:50:27.975245,0.07,464.12,-6.91
2026-08-16 22:50:28.080940,1e+31,1e+31,-12.36
2026-08-16 22:50:28.154534,1e+31,1e+31,3.51
2026-08-16 22:50:28.208924,0.07,894.95,-3.74
2026-08-16 22:50:28.259932,0.24,813.28,-8.28
2026-08-16 22:50:28.316923,0.1,564.4,0.71
2026-08-16 22:50:28.333381,48.15,424.58,9.33
2026-08-16 22:50:28.390680,0.07,380.62,0.33
2026-08-16 22:50:28.409072,53.6,413.01,3.95
2026-08-16 22:50:28.457020,1e+31,1e+31,4.11
2026-08-16 22:50:28.479500,46.74,456.92,1.41
2026-08-16 22:50:28.537762,1e+31,1e+31,-3.4
2026-08-16 22:50:28.558955,41.64,423.56,-6.53
2026-08-16 22:50:28.622614,0.35,451.72,1.96
2026-08-16 22:50:28.640566,46.48,424.71,1.15
2026-08-16 22:50:28.708652,0.03,423.8,4.1
2026-08-16 22:50:28.729690,67.19,433.66,-8.59
2026-08-16 22:50:28.790851,0.15,397.19,-5.37
2026-08-16 22:50:28.813561,46.28,439.36,5.99
2026-08-16 22:50:28.869214,1e+31,1e+31,2.43
2026-08-16 22:50:28.888749,1e+31,390.03,4.16
2026-08-16 22:50:28.948935,0.49,689.65,5.53
2026-08-16 22:50:28.964692,51.93,400.11,4.44
2026-08-16 22:50:28.986680,1e+31,1e+31,-0.91
2026-08-16 22:50:29.039290,0.03,420.36,1.72
2026-08-16 22:51:27.087545,44.72,409.34,-1.55
2026-08-16 22:51:27.163314,1e+31,1e+31,-3.27
2026-08-16 22:51:27.180090,44.45,410.43,0.85
2026-08-16 22:51:27.231608,0.06,374.99,5.17
2026-08-16 22:51:27.249725,39.89,373.09,-6.99
2026-08-16 22:51:27.300955,0.03,332.15,-0.38
2026-08-16 22:51:27.318223,39.86,416.92,-5.87
2026-08-16 22:51:27.371461,1e+31,1e+31,-1.66
2026-08-16 22:51:27.387867,56.42,425.7,-3.11
2026-08-16 22:51:27.433933,0.02,371.01,5.56
2026-08-16 22:51:27.450573,49.96,447.2,-0.33
2026-08-16 22:51:27.512219,1e+31,1e+31,-6.98
2026-08-16 22:51:27.528280,45.45,398.24,-3.22
2026-08-16 22:51:27.582044,1e+31,1e+31,-4.57
2026-08-16 22:51:27.601180,41.13,435.14,-0.08
2026-08-16 22:51:27.656918,1e+31,1e+31,-2.9
2026-08-16 22:51:27.672770,1e+31,473.27,9.68
2026-08-16 22:51:27.731798,1e+31,1e+31,0.52
2026-08-16 22:51:27.749224,34.86,418.71,2.63
2026-08-16 22:51:27.807326,1e+31,1e+31,-2.47
2026-08-16 22:51:27.822949,1e+31,429.24,-4.62
2026-08-16 22:51:27.863401,0.08,312.76,5.89
2026-08-16 22:51:27.975245,1e+31,1e+31,1.98
2026-08-16 22:51:28.080940,1e+31,1e+31,-7.27
2026-08-16 22:51:28.154534,1e+31,1e+31,-0.41
2026-08-16 22:51:28.208924,1e+31,1e+31,-0.78
2026-08-16 22:51:28.259932,1e+31,1e+31,5.65
2026-08-16 22:51:28.316923,0.09,565.17,-2.24
2026-08-16 22:51:28.333381,48.13,473.53,-4.08
2026-08-16 22:51:28.390680,0.08,381.63,-4.1
2026-08-16 22:51:28.409072,53.6,414.89,1.87
2026-08-16 22:51:28.457020,1e+31,1e+31,5.47
2026-08-16 22:51:28.479500,46.65,430.81,-3.36
2026-08-16 22:51:28.537762,1e+31,1e+31,9.49
2026-08-16 22:51:28.558955,41.67,438.44,1.69
2026-08-16 22:51:28.622614,0.35,450.65,12.32
2026-08-16 22:51:28.640566,46.55,430.42,2.51
2026-08-16 22:51:28.708652,0.03,423.39,-4.86
2026-08-16 22:51:28.729690,67.24,440.49,5.23
2026-08-16 22:51:28.790851,0.09,431.16,-0.33
2026-08-16 22:51:28.813561,46.28,443.14,4.65
2026-08-16 22:51:28.869214,1e+31,1e+31,1.92
2026-08-16 22:51:28.888749,1e+31,476.02,1.72
2026-08-16 22:51:28.948935,0.51,694.31,-4.77
2026-08-16 22:51:28.964692,51.88,438.05,-1.3
2026-08-16 22:51:28.986680,1e+31,1e+31,1.36
2026-08-16 22:51:29.039290,0.04,419.99,-6.26
2026-08-16 22:52:27.087545,44.81,431.65,6.09
2026-08-16 22:52:27.163314,1e+31,1e+31,-0.93
2026-08-16 22:52:27.180090,44.46,369.33,-1.37
2026-08-16 22:52:27.231608,0.06,371.5,12.02
2026-08-16 22:52:27.249725,40.0,463.61,-3.55
2026-08-16 22:52:27.300955,0.02,334.17,3.06
2026-08-16 22:52:27.318223,40.0,399.05,3.98
2026-08-16 22:52:27.371461,1e+31,1e+31,-7.99
2026-08-16 22:52:27.387867,56.42,409.34,6.2
2026-08-16 22:52:27.433933,0.02,374.69,1.88
2026-08-16 22:52:27.450573,49.81,477.71,-4.78
2026-08-16 22:52:27.512219,1e+31,1e+31,-5.26
2026-08-16 22:52:27.528280,45.45,354.84,2.58
2026-08-16 22:52:27.582044,1e+31,1e+31,-5.0
2026-08-16 22:52:27.601180,40.74,516.08,5.77
2026-08-16 22:52:27.656918,1e+31,1e+31,4.9
2026-08-16 22:52:27.672770,1e+31,454.54,-4.26
2026-08-16 22:52:27.731798,1e+31,1e+31,6.25
2026-08-16 22:52:27.749224,34.83,425.71,3.23
2026-08-16 22:52:27.807326,0.03,331.02,-8.0
2026-08-16 22:52:27.822949,1e+31,439.34,1.6
2026-08-16 22:52:27.863401,0.08,311.52,2.84
2026-08-16 22:52:27.975245,1e+31,1e+31,-0.07
2026-08-16 22:52:28.080940,0.08,401.91,-3.46
2026-08-16 22:52:28.154534,1e+31,1e+31,-3.11
2026-08-16 22:52:28.208924,0.07,893.47,-1.12
2026-08-16 22:52:28.259932,0.23,809.88,8.73
2026-08-16 22:52:28.316923,0.1,565.76,6.46
2026-08-16 22:52:28.333381,48.12,426.31,-0.46
2026-08-16 22:52:28.390680,0.08,376.42,0.31
2026-08-16 22:52:28.409072,53.6,411.0,2.76
2026-08-16 22:52:28.457020,1e+31,1e+31,1.62
2026-08-16 22:52:28.479500,46.57,396.82,-4.3
2026-08-16 22:52:28.537762,0.07,323.57,-0.27
2026-08-16 22:52:28.558955,41.71,430.41,-5.66
2026-08-16 22:52:28.622614,0.33,451.3,5.37
2026-08-16 22:52:28.640566,46.61,412.9,5.3
2026-08-16 22:52:28.708652,0.03,425.81,-1.73
2026-08-16 22:52:28.729690,67.29,438.13,0.3
2026-08-16 22:52:28.790851,0.09,430.82,6.55
2026-08-16 22:52:28.813561,46.28,440.07,9.67
2026-08-16 22:52:28.869214,1e+31,1e+31,4.9
2026-08-16 22:52:28.888749,1e+31,439.51,3.61
2026-08-16 22:52:28.948935,0.51,693.46,-3.91
2026-08-16 22:52:28.964692,51.82,394.53,1.79
2026-08-16 22:52:28.986680,1e+31,1e+31,1.82
2026-08-16 22:52:29.039290,0.03,421.82,10.55
2026-08-16 22:53:27.087545,44.84,423.72,1.37
2026-08-16 22:53:27.163314,1e+31,1e+31,3.47
2026-08-16 22:53:27.180090,44.6,424.75,2.47
2026-08-16 22:53:27.231608,0.06,373.82,0.96
2026-08-16 22:53:27.249725,39.89,446.84,-6.39
2026-08-16 22:53:27.300955,0.03,336.23,5.43
2026-08-16 22:53:27.318223,43.26,415.06,-0.29
2026-08-16 22:53:27.371461,1e+31,1e+31,-0.58
2026-08-16 22:53:27.387867,57.57,443.92,6.61
2026-08-16 22:53:27.433933,1e+31,1e+31,-4.78
2026-08-16 22:53:27.450573,49.96,459.38,-5.83
2026-08-16 22:53:27.512219,1e+31,1e+31,-4.63
2026-08-16 22:53:27.528280,45.45,465.72,-2.82
2026-08-16 22:53:27.582044,1e+31,1e+31,6.74
2026-08-16 22:53:27.601180,40.68,414.46,7.24
2026-08-16 22:53:27.656918,1e+31,1e+31,-1.5
2026-08-16 22:53:27.672770,1e+31,461.04,-6.12
2026-08-16 22:53:27.731798,1e+31,1e+31,3.7
2026-08-16 22:53:27.749224,34.83,450.61,-2.4
2026-08-16 22:53:27.807326,1e+31,1e+31,7.32
2026-08-16 22:53:27.822949,1e+31,462.76,-4.94
2026-08-16 22:53:27.863401,0.1,308.16,-3.72
2026-08-16 22:53:27.975245,0.07,464.68,3.43
2026-08-16 22:53:28.080940,1e+31,1e+31,3.46
2026-08-16 22:53:28.154534,1e+31,1e+31,-0.91
2026-08-16 22:53:28.208924,1e+31,1e+31,3.05
2026-08-16 22:53:28.259932,0.23,808.35,-2.32
2026-08-16 22:53:28.316923,0.1,565.28,2.46
2026-08-16 22:53:28.333381,48.1,395.57,-5.9
2026-08-16 22:53:28.390680,0.07,383.51,-4.0
2026-08-16 22:53:28.409072,53.6,442.79,0.04
2026-08-16 22:53:28.457020,1e+31,1e+31,-2.4
2026-08-16 22:53:28.479500,46.48,415.99,3.52
2026-08-16 22:53:28.537762,1e+31,1e+31,1.39
2026-08-16 22:53:28.558955,41.75,449.6,-1.52
2026-08-16 22:53:28.622614,0.32,450.72,-1.83
2026-08-16 22:53:28.640566,46.67,442.99,-7.51
2026-08-16 22:53:28.708652,0.03,425.02,2.26
2026-08-16 22:53:28.729690,67.33,431.04,2.15
2026-08-16 22:53:28.790851,1e+31,1e+31,-7.21
2026-08-16 22:53:28.813561,46.27,470.94,0.87
2026-08-16 22:53:28.869214,1e+31,1e+31,-0.5
2026-08-16 22:53:28.888749,1e+31,402.67,0.72
2026-08-16 22:53:28.948935,0.53,694.29,-2.09
2026-08-16 22:53:28.964692,51.77,399.08,-0.76
2026-08-16 22:53:28.986680,1e+31,1e+31,-8.76
2026-08-16 22:53:29.039290,0.03,422.25,2.05
2026-08-16 22:54:27.087545,44.84,465.98,-2.9
2026-08-16 22:54:27.163314,1e+31,1e+31,4.49
2026-08-16 22:54:27.180090,44.6,449.02,2.64
2026-08-16 22:54:27.231608,0.08,375.3,-2.05
2026-08-16 22:54:27.249725,40.0,446.39,4.54
2026-08-16 22:54:27.300955,0.02,335.92,-0.8
2026-08-16 22:54:27.318223,43.8,449.12,6.34
2026-08-16 22:54:27.371461,1e+31,1e+31,0.08
2026-08-16 22:54:27.387867,57.73,386.64,6.45
2026-08-16 22:54:27.433933,0.02,370.5,2.33
2026-08-16 22:54:27.450573,49.96,433.79,1.89
2026-08-16 22:54:27.512219,1e+31,1e+31,3.49
2026-08-16 22:54:27.528280,45.27,468.77,-3.51
2026-08-16 22:54:27.582044,1e+31,1e+31,-6.52
2026-08-16 22:54:27.601180,40.56,422.99,-1.39
2026-08-16 22:54:27.656918,1e+31,1e+31,6.57
2026-08-16 22:54:27.672770,1e+31,452.25,1.28
2026-08-16 22:54:27.731798,1e+31,1e+31,3.68
2026-08-16 22:54:27.749224,34.86,484.28,-1.24
2026-08-16 22:54:27.807326,1e+31,1e+31,-7.79
2026-08-16 22:54:27.822949,1e+31,379.27,1.39
2026-08-16 22:54:27.863401,0.09,309.38,3.06
2026-08-16 22:54:27.975245,0.07,459.18,-5.0
2026-08-16 22:54:28.080940,1e+31,1e+31,4.51
2026-08-16 22:54:28.154534,1e+31,1e+31,-2.0
2026-08-16 22:54:28.208924,1e+31,1e+31,-4.32
2026-08-16 22:54:28.259932,0.24,809.77,2.43
2026-08-16 22:54:28.316923,0.1,565.04,0.84
2026-08-16 22:54:28.333381,48.09,488.67,2.34
2026-08-16 22:54:28.390680,0.08,381.62,-2.42
2026-08-16 22:54:28.409072,53.6,480.06,-1.71
2026-08-16 22:54:28.457020,1e+31,1e+31,-0.46
2026-08-16 22:54:28.479500,46.4,466.35,0.94
2026-08-16 22:54:28.537762,0.05,328.0,2.46
2026-08-16 22:54:28.558955,41.79,423.53,1.78
2026-08-16 22:54:28.622614,1e+31,1e+31,-10.34
2026-08-16 22:54:28.640566,46.73,380.79,3.67
2026-08-16 22:54:28.708652,0.03,424.73,-8.24
2026-08-16 22:54:28.729690,67.38,459.04,-11.6
2026-08-16 22:54:28.790851,1e+31,1e+31,-11.92
2026-08-16 22:54:28.813561,46.27,408.4,1.21
2026-08-16 22:54:28.869214,1e+31,1e+31,-0.21
2026-08-16 22:54:28.888749,1e+31,361.77,-1.72
2026-08-16 22:54:28.948935,0.51,694.22,2.95
2026-08-16 22:54:28.964692,51.71,444.39,-4.51
2026-08-16 22:54:28.986680,1e+31,1e+31,-6.68
2026-08-16 22:54:29.039290,0.04,419.22,4.75
2026-08-16 22:55:27.087545,44.84,432.79,-4.25
2026-08-16 22:55:27.163314,1e+31,1e+31,0.9
2026-08-16 22:55:27.180090,44.66,444.6,6.75
2026-08-16 22:55:27.231608,0.08,374.12,-3.37
2026-08-16 22:55:27.249725,39.89,419.5,1.15
2026-08-16 22:55:27.300955,0.02,335.28,1.89
2026-08-16 22:55:27.318223,43.8,440.47,-2.12
2026-08-16 22:55:27.371461,1e+31,1e+31,1.42
2026-08-16 22:55:27.387867,58.22,425.01,-5.19
2026-08-16 22:55:27.433933,1e+31,1e+31,-2.39
2026-08-16 22:55:27.450573,49.96,419.74,-1.88
2026-08-16 22:55:27.512219,1e+31,1e+31,6.7
2026-08-16 22:55:27.528280,45.27,456.19,11.23
2026-08-16 22:55:27.582044,1e+31,1e+31,3.72
2026-08-16 22:55:27.601180,40.56,426.13,4.43
2026-08-16 22:55:27.656918,1e+31,1e+31,2.15
2026-08-16 22:55:27.672770,1e+31,435.09,3.82
2026-08-16 22:55:27.731798,1e+31,1e+31,7.41
2026-08-16 22:55:27.749224,35.03,435.91,-0.03
2026-08-16 22:55:27.807326,0.03,334.22,4.82
2026-08-16 22:55:27.822949,1e+31,422.88,-1.82
2026-08-16 22:55:27.863401,0.1,305.03,-0.47
2026-08-16 22:55:27.975245,0.06,460.52,-0.42
2026-08-16 22:55:28.080940,0.07,401.62,9.35
2026-08-16 22:55:28.154534,1.93,630.92,-4.7
2026-08-16 22:55:28.208924,1e+31,1e+31,0.0
2026-08-16 22:55:28.259932,0.24,809.08,0.13
2026-08-16 22:55:28.316923,0.1,567.17,1.78
2026-08-16 22:55:28.333381,48.08,442.43,1.15
2026-08-16 22:55:28.390680,0.08,377.32,-1.54
2026-08-16 22:55:28.409072,53.6,426.31,4.74
2026-08-16 22:55:28.457020,1e+31,1e+31,7.82
2026-08-16 22:55:28.479500,46.32,417.21,4.04
2026-08-16 22:55:28.537762,1e+31,1e+31,6.45
2026-08-16 22:55:28.558955,41.82,424.07,7.86
2026-08-16 22:55:28.622614,0.33,451.59,-1.54
2026-08-16 22:55:28.640566,46.79,501.88,7.51
2026-08-16 22:55:28.708652,0.02,423.44,6.46
2026-08-16 22:55:28.729690,67.43,431.89,-0.72
2026-08-16 22:55:28.790851,0.07,436.53,-3.03
2026-08-16 22:55:28.813561,46.27,402.36,1.0
2026-08-16 22:55:28.869214,1e+31,1e+31,5.1
2026-08-16 22:55:28.888749,1e+31,432.24,-7.72
2026-08-16 22:55:28.948935,0.51,692.08,4.41
2026-08-16 22:55:28.964692,51.66,453.33,-0.82
2026-08-16 22:55:28.986680,1e+31,1e+31,-1.27
2026-08-16 22:55:29.039290,0.03,422.38,-4.69
2026-08-16 22:56:27.087545,44.69,443.69,-3.53
2026-08-16 22:56:27.163314,1e+31,1e+31,-1.07
2026-08-16 22:56:27.180090,44.63,437.5,7.77
2026-08-16 22:56:27.231608,0.07,372.0,-4.94
2026-08-16 22:56:27.249725,40.0,443.37,-7.93
2026-08-16 22:56:27.300955,0.02,338.94,-1.49
2026-08-16 22:56:27.318223,43.8,473.65,-6.78
2026-08-16 22:56:27.371461,1e+31,1e+31,-5.78
2026-08-16 22:56:27.387867,58.64,411.14,-6.08
2026-08-16 22:56:27.433933,1e+31,1e+31,-13.69
2026-08-16 22:56:27.450573,50.45,399.78,-4.07
2026-08-16 22:56:27.512219,1e+31,1e+31,-7.59
2026-08-16 22:56:27.528280,45.23,422.76,-0.88
2026-08-16 22:56:27.582044,1e+31,1e+31,5.24
2026-08-16 22:56:27.601180,40.52,395.27,-10.41
2026-08-16 22:56:27.656918,1e+31,1e+31,4.18
2026-08-16 22:56:27.672770,1e+31,426.56,7.98
2026-08-16 22:56:27.731798,1e+31,1e+31,-6.5
2026-08-16 22:56:27.749224,35.04,377.5,-1.69
2026-08-16 22:56:27.807326,0.07,331.57,-1.43
2026-08-16 22:56:27.822949,1e+31,420.25,-2.05
2026-08-16 22:56:27.863401,0.09,309.08,-3.27
2026-08-16 22:56:27.975245,0.06,458.59,-6.82
2026-08-16 22:56:28.080940,1e+31,1e+31,-6.86
2026-08-16 22:56:28.154534,1e+31,1e+31,7.36
2026-08-16 22:56:28.208924,0.07,887.11,7.09
2026-08-16 22:56:28.259932,0.24,809.93,-2.49
2026-08-16 22:56:28.316923,0.11,566.53,1.53
2026-08-16 22:56:28.333381,48.07,459.38,-9.17
2026-08-16 22:56:28.390680,0.09,379.67,-0.24
2026-08-16 22:56:28.409072,53.61,488.83,-4.98
2026-08-16 22:56:28.457020,1e+31,1e+31,-5.98
2026-08-16 22:56:28.479500,46.24,426.58,5.61
2026-08-16 22:56:28.537762,1e+31,1e+31,-2.91
2026-08-16 22:56:28.558955,41.86,398.46,1.24
2026-08-16 22:56:28.622614,0.29,452.19,-6.34
2026-08-16 22:56:28.640566,46.85,420.15,0.69
2026-08-16 22:56:28.708652,0.03,422.61,1.18
2026-08-16 22:56:28.729690,67.47,460.47,-1.8
2026-08-16 22:56:28.790851,0.08,432.65,-2.52
2026-08-16 22:56:28.813561,46.26,459.7,8.86
2026-08-16 22:56:28.869214,0.06,429.79,2.44
2026-08-16 22:56:28.888749,1e+31,432.05,1.57
2026-08-16 22:56:28.948935,0.52,690.62,-2.11
2026-08-16 22:56:28.964692,51.61,409.29,3.09
2026-08-16 22:56:28.986680,1e+31,1e+31,-3.51
2026-08-16 22:56:29.039290,0.03,420.73,-4.21
2026-08-16 22:57:27.087545,44.83,359.96,-1.89
2026-08-16 22:57:27.163314,1e+31,1e+31,4.75
2026-08-16 22:57:27.180090,44.66,430.72,0.86
2026-08-16 22:57:27.231608,0.08,375.45,-7.62
2026-08-16 22:57:27.249725,39.89,413.38,1.73
2026-08-16 22:57:27.300955,0.02,332.4,6.17
2026-08-16 22:57:27.318223,44.8,407.94,-4.83
2026-08-16 22:57:27.371461,1e+31,1e+31,8.26
2026-08-16 22:57:27.387867,58.7,422.85,-2.4
2026-08-16 22:57:27.433933,1e+31,1e+31,0.48
2026-08-16 22:57:27.450573,50.07,408.85,2.69
2026-08-16 22:57:27.512219,1e+31,1e+31,-2.1
2026-08-16 22:57:27.528280,45.23,452.88,-2.61
2026-08-16 22:57:27.582044,1e+31,1e+31,0.13
2026-08-16 22:57:27.601180,40.52,424.68,-0.78
2026-08-16 22:57:27.656918,0.11,320.02,1.68
2026-08-16 22:57:27.672770,1e+31,412.95,0.51
2026-08-16 22:57:27.731798,1e+31,1e+31,-3.05
2026-08-16 22:57:27.749224,35.09,420.95,7.55
2026-08-16 22:57:27.807326,0.04,333.69,-3.84
2026-08-16 22:57:27.822949,1e+31,424.06,1.72
2026-08-16 22:57:27.863401,0.09,303.78,-5.12
2026-08-16 22:57:27.975245,0.06,453.41,-2.52
2026-08-16 22:57:28.080940,1e+31,1e+31,10.0
2026-08-16 22:57:28.154534,1e+31,1e+31,-2.67
2026-08-16 22:57:28.208924,1e+31,1e+31,0.76
2026-08-16 22:57:28.259932,0.24,810.0,0.17
2026-08-16 22:57:28.316923,0.1,566.94,-1.55
2026-08-16 22:57:28.333381,48.06,429.78,1.06
2026-08-16 22:57:28.390680,0.07,379.86,-5.72
2026-08-16 22:57:28.409072,53.61,446.56,-0.58
2026-08-16 22:57:28.457020,1e+31,1e+31,-5.98
2026-08-16 22:57:28.479500,46.15,368.34,2.95
2026-08-16 22:57:28.537762,0.07,318.29,-7.79
2026-08-16 22:57:28.558955,41.9,380.44,6.01
2026-08-16 22:57:28.622614,0.33,451.51,-2.15
2026-08-16 22:57:28.640566,46.9,418.01,4.15
2026-08-16 22:57:28.708652,0.03,424.22,-3.81
2026-08-16 22:57:28.729690,67.52,418.44,3.29
2026-08-16 22:57:28.790851,0.08,433.02,-5.16
2026-08-16 22:57:28.813561,46.26,425.77,2.82
2026-08-16 22:57:28.869214,0.06,431.75,2.08
2026-08-16 22:57:28.888749,1e+31,431.98,-2.8
2026-08-16 22:57:28.948935,0.5,697.11,0.94
2026-08-16 22:57:28.964692,51.56,455.7,7.33
2026-08-16 22:57:28.986680,1e+31,1e+31,3.15
2026-08-16 22:57:29.039290,0.03,422.44,6.76
2026-08-16 22:58:27.087545,44.83,487.63,0.21
2026-08-16 22:58:27.163314,1e+31,1e+31,-0.18
2026-08-16 22:58:27.180090,44.68,446.46,-0.27
2026-08-16 22:58:27.231608,0.07,370.95,3.77
2026-08-16 22:58:27.249725,39.84,423.1,-0.72
2026-08-16 22:58:27.300955,0.02,333.14,10.0
2026-08-16 22:58:27.318223,43.85,457.65,-5.48
2026-08-16 22:58:27.371461,1e+31,1e+31,1.82
2026-08-16 22:58:27.387867,59.79,405.83,2.7
2026-08-16 22:58:27.433933,1e+31,1e+31,-2.81
2026-08-16 22:58:27.450573,50.07,367.86,-2.19
2026-08-16 22:58:27.512219,1e+31,1e+31,7.74
2026-08-16 22:58:27.528280,45.14,407.96,4.29
2026-08-16 22:58:27.582044,1e+31,1e+31,0.94
2026-08-16 22:58:27.601180,40.52,437.33,-1.4
2026-08-16 22:58:27.656918,0.09,324.06,-0.87
2026-08-16 22:58:27.672770,1e+31,441.46,-2.85
2026-08-16 22:58:27.731798,1e+31,1e+31,-4.43
2026-08-16 22:58:27.749224,35.09,438.08,-5.84
2026-08-16 22:58:27.807326,0.04,331.22,-2.4
2026-08-16 22:58:27.822949,1e+31,467.56,0.03
2026-08-16 22:58:27.863401,0.08,305.22,2.16
2026-08-16 22:58:27.975245,0.05,458.61,0.2
2026-08-16 22:58:28.080940,1e+31,1e+31,3.86
2026-08-16 22:58:28.154534,1e+31,1e+31,-0.03
2026-08-16 22:58:28.208924,0.07,887.19,1.73
2026-08-16 22:58:28.259932,0.22,806.43,1.55
2026-08-16 22:58:28.316923,0.1,568.39,6.26
2026-08-16 22:58:28.333381,48.05,377.78,1.55
2026-08-16 22:58:28.390680,0.08,374.88,1.44
2026-08-16 22:58:28.409072,53.61,432.93,-4.32
2026-08-16 22:58:28.457020,1e+31,1e+31,1.71
2026-08-16 22:58:28.479500,46.07,434.82,2.29
2026-08-16 22:58:28.537762,0.05,324.0,3.44
2026-08-16 22:58:28.558955,41.93,471.5,2.16
2026-08-16 22:58:28.622614,0.35,451.51,-8.3
2026-08-16 22:58:28.640566,46.96,410.25,-1.67
2026-08-16 22:58:28.708652,0.03,423.26,1.58
2026-08-16 22:58:28.729690,67.57,384.52,-1.89
2026-08-16 22:58:28.790851,0.11,422.73,-0.74
2026-08-16 22:58:28.813561,46.25,449.92,0.67
2026-08-16 22:58:28.869214,1e+31,1e+31,-1.6
2026-08-16 22:58:28.888749,1e+31,399.42,-3.2
2026-08-16 22:58:28.948935,0.47,691.39,1.14
2026-08-16 22:58:28.964692,51.51,437.58,-0.42
2026-08-16 22:58:28.986680,1e+31,1e+31,-2.71
2026-08-16 22:58:29.039290,0.03,421.63,-7.51
2026-08-16 22:59:27.087545,44.83,405.78,-3.3
2026-08-16 22:59:27.163314,1e+31,1e+31,11.68
2026-08-16 22:59:27.180090,44.68,476.74,5.2
2026-08-16 22:59:27.231608,0.08,372.07,3.65
2026-08-16 22:59:27.249725,39.84,394.62,1.0
2026-08-16 22:59:27.300955,0.03,335.87,-5.04
2026-08-16 22:59:27.318223,43.8,389.83,-3.66
2026-08-16 22:59:27.371461,1e+31,1e+31,0.68
2026-08-16 22:59:27.387867,60.62,435.7,7.26
2026-08-16 22:59:27.433933,1e+31,1e+31,5.21
2026-08-16 22:59:27.450573,50.07,402.17,-1.53
2026-08-16 22:59:27.512219,1e+31,1e+31,5.89
2026-08-16 22:59:27.528280,45.12,399.2,3.75
2026-08-16 22:59:27.582044,1e+31,1e+31,1.97
2026-08-16 22:59:27.601180,40.48,392.12,-0.59
2026-08-16 22:59:27.656918,0.1,322.37,1.43
2026-08-16 22:59:27.672770,1e+31,489.86,-4.62
2026-08-16 22:59:27.731798,1e+31,1e+31,9.65
2026-08-16 22:59:27.749224,35.04,399.16,0.91
2026-08-16 22:59:27.807326,1e+31,1e+31,-7.84
2026-08-16 22:59:27.822949,1e+31,403.32,5.8
2026-08-16 22:59:27.863401,0.08,301.91,1.26
2026-08-16 22:59:27.975245,0.06,459.12,3.04
2026-08-16 22:59:28.080940,0.08,404.16,7.65
2026-08-16 22:59:28.154534,1e+31,1e+31,-1.37
2026-08-16 22:59:28.208924,1e+31,1e+31,0.68
2026-08-16 22:59:28.259932,0.24,810.87,-1.21
2026-08-16 22:59:28.316923,0.1,567.73,0.22
2026-08-16 22:59:28.333381,48.04,406.74,-3.65
2026-08-16 22:59:28.390680,0.07,378.58,2.63
2026-08-16 22:59:28.409072,53.62,411.56,-0.74
2026-08-16 22:59:28.457020,1e+31,1e+31,-5.57
2026-08-16 22:59:28.479500,46.0,458.12,-5.52
2026-08-16 22:59:28.537762,0.06,320.71,1.68
2026-08-16 22:59:28.558955,41.97,419.24,0.3
2026-08-16 22:59:28.622614,0.31,451.91,-0.75
2026-08-16 22:59:28.640566,47.01,403.38,-0.94
2026-08-16 22:59:28.708652,0.02,421.32,-1.61
2026-08-16 22:59:28.729690,67.61,436.72,-7.28
2026-08-16 22:59:28.790851,1e+31,1e+31,-3.36
2026-08-16 22:59:28.813561,46.25,393.34,0.5
2026-08-16 22:59:28.869214,0.06,432.58,-3.76
2026-08-16 22:59:28.888749,1e+31,479.47,1.42
2026-08-16 22:59:28.948935,0.43,686.83,-2.8
2026-08-16 22:59:28.964692,51.46,417.75,-3.23
2026-08-16 22:59:28.986680,1e+31,1e+31,2.72
2026-08-16 22:59:29.039290,0.04,424.11,0.83
2026-08-16 23:00:27.087545,44.56,393.91,-2.07
2026-08-16 23:00:27.163314,1e+31,1e+31,-1.07
2026-08-16 23:00:27.180090,44.68,466.32,6.67
2026-08-16 23:00:27.231608,0.08,370.52,0.46
2026-08-16 23:00:27.249725,39.83,381.38,-3.58
2026-08-16 23:00:27.300955,0.03,331.65,-7.21
2026-08-16 23:00:27.318223,43.26,427.86,3.43
2026-08-16 23:00:27.371461,1e+31,1e+31,-6.12
2026-08-16 23:00:27.387867,60.62,424.54,-4.32
2026-08-16 23:00:27.433933,1e+31,1e+31,2.97
2026-08-16 23:00:27.450573,50.45,417.29,0.8
2026-08-16 23:00:27.512219,1e+31,1e+31,-1.22
2026-08-16 23:00:27.528280,45.06,451.69,3.95
2026-08-16 23:00:27.582044,1e+31,1e+31,-4.93
2026-08-16 23:00:27.601180,40.48,401.69,-0.08
2026-08-16 23:00:27.656918,0.1,320.88,-2.19
2026-08-16 23:00:27.672770,1e+31,429.16,6.9
2026-08-16 23:00:27.731798,1e+31,1e+31,3.14
2026-08-16 23:00:27.749224,35.04,446.94,3.84
2026-08-16 23:00:27.807326,0.06,331.36,1.96
2026-08-16 23:00:27.822949,1e+31,419.89,3.97
2026-08-16 23:00:27.863401,0.09,305.77,-1.97
2026-08-16 23:00:27.975245,0.07,460.15,2.72
2026-08-16 23:00:28.080940,1e+31,1e+31,-0.11
2026-08-16 23:00:28.154534,1e+31,1e+31,5.07
2026-08-16 23:00:28.208924,1e+31,1e+31,1.95
2026-08-16 23:00:28.259932,0.23,810.79,1.52
2026-08-16 23:00:28.316923,0.09,566.84,-5.5
2026-08-16 23:00:28.333381,48.04,416.5,11.07
2026-08-16 23:00:28.390680,0.08,376.93,-12.05
2026-08-16 23:00:28.409072,53.62,467.38,-5.49
2026-08-16 23:00:28.457020,1e+31,1e+31,-7.69
2026-08-16 23:00:28.479500,45.92,380.78,6.32
2026-08-16 23:00:28.537762,0.05,324.91,-0.68
2026-08-16 23:00:28.558955,42.01,439.23,-8.72
2026-08-16 23:00:28.622614,0.37,451.85,0.4
2026-08-16 23:00:28.640566,47.06,365.47,-2.74
2026-08-16 23:00:28.708652,0.02,427.12,-3.37
2026-08-16 23:00:28.729690,67.65,410.47,7.61
2026-08-16 23:00:28.790851,1e+31,1e+31,6.4
2026-08-16 23:00:28.813561,46.24,438.32,0.09
2026-08-16 23:00:28.869214,1e+31,1e+31,-0.25
2026-08-16 23:00:28.888749,1e+31,492.97,1.95
2026-08-16 23:00:28.948935,0.49,688.0,0.29
2026-08-16 23:00:28.964692,51.41,422.59,3.82
2026-08-16 23:00:28.986680,1e+31,1e+31,-4.58
2026-08-16 23:00:29.039290,0.04,421.21,5.03
2026-08-16 23:01:27.087545,44.56,443.34,2.89
2026-08-16 23:01:27.163314,1e+31,1e+31,-6.06
2026-08-16 23:01:27.180090,44.66,432.24,-1.08
2026-08-16 23:01:27.231608,1e+31,1e+31,-1.43
2026-08-16 23:01:27.249725,39.8,434.4,7.07
2026-08-16 23:01:27.300955,0.02,332.48,-1.81
2026-08-16 23:01:27.318223,42.86,392.66,-3.54
2026-08-16 23:01:27.371461,1e+31,1e+31,-3.38
2026-08-16 23:01:27.387867,60.62,454.55,1.63
2026-08-16 23:01:27.433933,1e+31,1e+31,2.22
2026-08-16 23:01:27.450573,50.59,408.52,-2.18
2026-08-16 23:01:27.512219,1e+31,1e+31,-1.6
2026-08-16 23:01:27.528280,44.93,400.28,-1.21
2026-08-16 23:01:27.582044,1e+31,1e+31,2.63
2026-08-16 23:01:27.601180,40.44,424.79,-4.63
2026-08-16 23:01:27.656918,0.11,319.28,0.76
2026-08-16 23:01:27.672770,1e+31,360.09,4.09
2026-08-16 23:01:27.731798,1e+31,1e+31,-3.71
2026-08-16 23:01:27.749224,35.04,424.72,3.27
2026-08-16 23:01:27.807326,0.08,331.93,4.57
2026-08-16 23:01:27.822949,1e+31,424.65,-8.41
2026-08-16 23:01:27.863401,0.09,303.66,1.17
2026-08-16 23:01:27.975245,0.06,458.74,-2.91
2026-08-16 23:01:28.080940,1e+31,1e+31,-1.9
2026-08-16 23:01:28.154534,1e+31,1e+31,3.22
2026-08-16 23:01:28.208924,1e+31,1e+31,4.61
2026-08-16 23:01:28.259932,0.24,811.35,10.49
2026-08-16 23:01:28.316923,0.09,564.24,3.04
2026-08-16 23:01:28.333381,48.03,419.7,5.68
2026-08-16 23:01:28.390680,0.08,378.58,-14.31
2026-08-16 23:01:28.409072,53.63,420.71,-0.51
2026-08-16 23:01:28.457020,1e+31,1e+31,-3.0
2026-08-16 23:01:28.479500,45.84,451.95,-4.38
2026-08-16 23:01:28.537762,1e+31,1e+31,0.95
2026-08-16 23:01:28.558955,42.05,395.74,2.87
2026-08-16 23:01:28.622614,0.36,451.78,4.38
2026-08-16 23:01:28.640566,47.11,420.56,1.59
2026-08-16 23:01:28.708652,0.02,425.52,3.06
2026-08-16 23:01:28.729690,67.7,391.41,0.73
2026-08-16 23:01:28.790851,1e+31,1e+31,3.03
2026-08-16 23:01:28.813561,46.24,480.82,-1.61
2026-08-16 23:01:28.869214,1e+31,1e+31,-4.36
2026-08-16 23:01:28.888749,1e+31,477.91,-2.86
2026-08-16 23:01:28.948935,0.49,692.46,1.07
2026-08-16 23:01:28.964692,51.36,395.83,-6.23
2026-08-16 23:01:28.986680,1e+31,1e+31,3.8
2026-08-16 23:01:29.039290,0.03,422.66,-1.01
2026-08-16 23:02:27.087545,44.5,462.11,-0.88
2026-08-16 23:02:27.163314,1e+31,1e+31,-3.71
2026-08-16 23:02:27.180090,44.63,390.83,0.42
2026-08-16 23:02:27.231608,0.08,373.84,-8.38
2026-08-16 23:02:27.249725,39.75,423.34,-7.02
2026-08-16 23:02:27.300955,0.02,331.46,5.66
2026-08-16 23:02:27.318223,42.86,390.52,-4.47
2026-08-16 23:02:27.371461,1e+31,1e+31,-0.8
2026-08-16 23:02:27.387867,61.85,437.8,-4.31
2026-08-16 23:02:27.433933,1e+31,1e+31,10.07
2026-08-16 23:02:27.450573,50.59,473.72,-6.62
2026-08-16 23:02:27.512219,1e+31,1e+31,0.55
2026-08-16 23:02:27.528280,44.93,457.18,5.66
2026-08-16 23:02:27.582044,0.06,366.77,1.83
2026-08-16 23:02:27.601180,40.32,439.27,-4.44
2026-08-16 23:02:27.656918,0.12,321.65,8.15
2026-08-16 23:02:27.672770,1e+31,382.46,-6.6
2026-08-16 23:02:27.731798,1e+31,1e+31,-3.01
2026-08-16 23:02:27.749224,34.95,404.07,-2.0
2026-08-16 23:02:27.807326,1e+31,1e+31,-1.01
2026-08-16 23:02:27.822949,1e+31,421.56,-1.41
2026-08-16 23:02:27.863401,0.1,305.52,1.76
2026-08-16 23:02:27.975245,0.06,458.95,1.28
2026-08-16 23:02:28.080940,0.08,399.76,1.49
2026-08-16 23:02:28.154534,1e+31,1e+31,7.25
2026-08-16 23:02:28.208924,0.07,906.68,-3.98
2026-08-16 23:02:28.259932,0.23,810.46,-8.03
2026-08-16 23:02:28.316923,0.11,566.79,0.19
2026-08-16 23:02:28.333381,48.03,425.42,-0.73
2026-08-16 23:02:28.390680,0.07,379.79,-7.32
2026-08-16 23:02:28.409072,53.63,470.92,4.22
2026-08-16 23:02:28.457020,1e+31,1e+31,-2.21
2026-08-16 23:02:28.479500,45.76,412.44,4.02
2026-08-16 23:02:28.537762,0.06,323.11,-5.56
2026-08-16 23:02:28.558955,42.08,495.44,1.38
2026-08-16 23:02:28.622614,0.36,451.86,-7.08
2026-08-16 23:02:28.640566,47.16,428.41,-7.26
2026-08-16 23:02:28.708652,0.03,424.69,0.25
2026-08-16 23:02:28.729690,67.74,430.36,0.63
2026-08-16 23:02:28.790851,0.1,421.5,9.05
2026-08-16 23:02:28.813561,46.23,419.33,-6.8
2026-08-16 23:02:28.869214,1e+31,1e+31,-11.53
2026-08-16 23:02:28.888749,1e+31,416.1,-3.15
2026-08-16 23:02:28.948935,0.46,695.81,6.4
2026-08-16 23:02:28.964692,51.31,479.38,-6.24
2026-08-16 23:02:28.986680,1e+31,1e+31,-0.96
2026-08-16 23:02:29.039290,0.03,421.0,-1.92
2026-08-16 23:03:27.087545,44.56,396.04,2.97
2026-08-16 23:03:27.163314,1e+31,1e+31,-4.96
2026-08-16 23:03:27.180090,44.1,446.66,-1.55
2026-08-16 23:03:27.231608,0.08,371.97,4.65
2026-08-16 23:03:27.249725,39.75,389.59,-12.01
2026-08-16 23:03:27.300955,0.02,328.74,-3.04
2026-08-16 23:03:27.318223,42.74,458.76,-0.24
2026-08-16 23:03:27.371461,1e+31,1e+31,-0.98
2026-08-16 23:03:27.387867,61.85,425.49,-2.61
2026-08-16 23:03:27.433933,1e+31,1e+31,3.43
2026-08-16 23:03:27.450573,50.59,433.42,-0.7
2026-08-16 23:03:27.512219,1e+31,1e+31,0.51
2026-08-16 23:03:27.528280,44.87,412.13,2.59
2026-08-16 23:03:27.582044,1e+31,1e+31,-1.13
2026-08-16 23:03:27.601180,40.0,404.02,-0.08
2026-08-16 23:03:27.656918,1e+31,1e+31,1.89
2026-08-16 23:03:27.672770,1e+31,419.45,-6.69
2026-08-16 23:03:27.731798,1e+31,1e+31,2.48
2026-08-16 23:03:27.749224,34.91,388.92,-0.58
2026-08-16 23:03:27.807326,1e+31,1e+31,-0.45
2026-08-16 23:03:27.822949,1e+31,388.22,0.02
2026-08-16 23:03:27.863401,0.11,299.89,-4.47
2026-08-16 23:03:27.975245,0.07,458.58,-2.11
2026-08-16 23:03:28.080940,0.07,401.1,0.59
2026-08-16 23:03:28.154534,1e+31,1e+31,2.92
2026-08-16 23:03:28.208924,0.07,911.68,-7.81
2026-08-16 23:03:28.259932,1e+31,1e+31,-7.33
2026-08-16 23:03:28.316923,0.11,565.19,-0.77
2026-08-16 23:03:28.333381,48.03,430.32,2.67
2026-08-16 23:03:28.390680,0.08,377.58,-7.1
2026-08-16 23:03:28.409072,53.64,437.43,-1.62
2026-08-16 23:03:28.457020,1e+31,1e+31,-0.69
2026-08-16 23:03:28.479500,45.69,500.21,-4.21
2026-08-16 23:03:28.537762,1e+31,1e+31,-7.16
2026-08-16 23:03:28.558955,42.12,457.4,-4.59
2026-08-16 23:03:28.622614,0.35,452.24,-1.64
2026-08-16 23:03:28.640566,47.21,444.14,4.57
2026-08-16 23:03:28.708652,1e+31,1e+31,-6.23
2026-08-16 23:03:28.729690,67.79,395.07,-2.67
2026-08-16 23:03:28.790851,1e+31,1e+31,1.41
2026-08-16 23:03:28.813561,46.22,473.23,-6.59
2026-08-16 23:03:28.869214,1e+31,1e+31,-4.5
2026-08-16 23:03:28.888749,1e+31,440.23,6.19
2026-08-16 23:03:28.948935,0.48,697.85,1.95
2026-08-16 23:03:28.964692,51.27,421.13,-3.57
2026-08-16 23:03:28.986680,1e+31,1e+31,-0.05
2026-08-16 23:03:29.039290,0.03,422.48,2.61
2026-08-16 23:04:27.087545,44.56,423.96,0.38
2026-08-16 23:04:27.163314,1e+31,1e+31,-5.57
2026-08-16 23:04:27.180090,43.92,408.21,-4.77
2026-08-16 23:04:27.231608,0.09,375.12,-4.09
2026-08-16 23:04:27.249725,39.75,436.02,-7.23
2026-08-16 23:04:27.300955,0.02,331.22,-8.92
2026-08-16 23:04:27.318223,42.86,414.46,-3.0
2026-08-16 23:04:27.371461,1e+31,1e+31,8.86
2026-08-16 23:04:27.387867,61.85,410.08,-7.05
2026-08-16 23:04:27.433933,1e+31,1e+31,-1.52
2026-08-16 23:04:27.450573,50.07,483.49,-0.16
2026-08-16 23:04:27.512219,1e+31,1e+31,1.1
2026-08-16 23:04:27.528280,44.76,395.94,0.96
2026-08-16 23:04:27.582044,1e+31,1e+31,1.88
2026-08-16 23:04:27.601180,40.0,446.82,1.01
2026-08-16 23:04:27.656918,1e+31,1e+31,2.63
2026-08-16 23:04:27.672770,1e+31,440.43,-2.2
2026-08-16 23:04:27.731798,1e+31,1e+31,2.15
2026-08-16 23:04:27.749224,34.76,422.43,7.59
2026-08-16 23:04:27.807326,0.08,333.53,-3.62
2026-08-16 23:04:27.822949,1e+31,457.19,1.69
2026-08-16 23:04:27.863401,0.1,304.96,-8.13
2026-08-16 23:04:27.975245,0.06,458.73,8.2
2026-08-16 23:04:28.080940,1e+31,1e+31,0.81
2026-08-16 23:04:28.154534,1e+31,1e+31,-7.73
2026-08-16 23:04:28.208924,0.07,902.26,8.07
2026-08-16 23:04:28.259932,0.25,811.48,-5.13
2026-08-16 23:04:28.316923,0.13,561.67,0.15
2026-08-16 23:04:28.333381,48.03,475.24,-5.39
2026-08-16 23:04:28.390680,0.08,379.23,6.23
2026-08-16 23:04:28.409072,53.64,414.85,-2.97
2026-08-16 23:04:28.457020,1e+31,1e+31,4.74
2026-08-16 23:04:28.479500,45.62,402.4,-1.3
2026-08-16 23:04:28.537762,1e+31,1e+31,-1.92
2026-08-16 23:04:28.558955,42.16,368.73,-4.71
2026-08-16 23:04:28.622614,0.38,451.64,2.73
2026-08-16 23:04:28.640566,47.26,448.46,-0.13
2026-08-16 23:04:28.708652,0.03,424.7,-2.54
2026-08-16 23:04:28.729690,67.83,460.18,0.2
2026-08-16 23:04:28.790851,0.08,436.17,-0.98
2026-08-16 23:04:28.813561,46.22,360.49,-4.56
2026-08-16 23:04:28.869214,1e+31,1e+31,5.49
2026-08-16 23:04:28.888749,1e+31,413.14,1.58
2026-08-16 23:04:28.948935,0.47,699.42,-1.8
2026-08-16 23:04:28.964692,51.23,406.15,-1.51
2026-08-16 23:04:28.986680,1e+31,1e+31,4.28
2026-08-16 23:04:29.039290,0.03,422.75,6.56
2026-08-16 23:05:27.087545,44.5,379.08,2.81
2026-08-16 23:05:27.163314,1e+31,1e+31,0.58
2026-08-16 23:05:27.180090,43.92,360.19,2.47
2026-08-16 23:05:27.231608,0.07,369.39,-12.57
2026-08-16 23:05:27.249725,39.75,458.06,-4.78
2026-08-16 23:05:27.300955,0.03,332.98,5.84
2026-08-16 23:05:27.318223,42.86,438.39,6.63
2026-08-16 23:05:27.371461,1e+31,1e+31,-2.18
2026-08-16 23:05:27.387867,61.85,449.87,-0.19
2026-08-16 23:05:27.433933,1e+31,1e+31,-0.75
2026-08-16 23:05:27.450573,49.9,481.05,1.16
2026-08-16 23:05:27.512219,1e+31,1e+31,-1.25
2026-08-16 23:05:27.528280,44.68,381.77,-0.53
2026-08-16 23:05:27.582044,1e+31,1e+31,-1.5
2026-08-16 23:05:27.601180,39.93,401.16,4.27
2026-08-16 23:05:27.656918,1e+31,1e+31,0.35
2026-08-16 23:05:27.672770,1e+31,441.41,-4.12
2026-08-16 23:05:27.731798,1e+31,1e+31,4.87
2026-08-16 23:05:27.749224,34.76,461.36,3.23
2026-08-16 23:05:27.807326,0.08,331.28,-2.99
2026-08-16 23:05:27.822949,1e+31,405.12,2.62
2026-08-16 23:05:27.863401,0.09,306.77,-1.24
2026-08-16 23:05:27.975245,0.06,458.23,-5.22
2026-08-16 23:05:28.080940,0.08,400.0,-0.65
2026-08-16 23:05:28.154534,2.01,639.72,-4.33
2026-08-16 23:05:28.208924,0.06,909.51,1.39
2026-08-16 23:05:28.259932,1e+31,1e+31,0.22
2026-08-16 23:05:28.316923,0.12,564.64,4.52
2026-08-16 23:05:28.333381,48.03,397.52,3.87
2026-08-16 23:05:28.390680,0.09,376.33,0.33
2026-08-16 23:05:28.409072,53.65,395.09,0.12
2026-08-16 23:05:28.457020,1e+31,1e+31,1.25
2026-08-16 23:05:28.479500,45.54,421.83,6.14
2026-08-16 23:05:28.537762,1e+31,1e+31,3.02
2026-08-16 23:05:28.558955,42.19,427.33,-2.48
2026-08-16 23:05:28.622614,0.35,451.94,-7.77
2026-08-16 23:05:28.640566,47.31,468.87,2.83
2026-08-16 23:05:28.708652,0.02,423.02,10.0
2026-08-16 23:05:28.729690,67.87,499.36,-0.5
2026-08-16 23:05:28.790851,1e+31,1e+31,1.11
2026-08-16 23:05:28.813561,46.21,438.64,7.49
2026-08-16 23:05:28.869214,1e+31,1e+31,5.8
2026-08-16 23:05:28.888749,1e+31,428.13,8.31
2026-08-16 23:05:28.948935,0.5,698.19,-0.61
2026-08-16 23:05:28.964692,51.18,411.7,2.03
2026-08-16 23:05:28.986680,1e+31,1e+31,2.01
2026-08-16 23:05:29.039290,0.03,422.36,3.86
2026-08-16 23:06:27.087545,44.47,428.03,-0.9
2026-08-16 23:06:27.163314,1e+31,1e+31,-6.61
2026-08-16 23:06:27.180090,43.31,409.99,-9.32
2026-08-16 23:06:27.231608,0.08,369.0,-9.42
2026-08-16 23:06:27.249725,39.75,428.2,-2.09
2026-08-16 23:06:27.300955,0.03,333.78,1.97
2026-08-16 23:06:27.318223,42.74,464.37,-1.41
2026-08-16 23:06:27.371461,1e+31,1e+31,0.23
2026-08-16 23:06:27.387867,64.28,423.53,-2.95
2026-08-16 23:06:27.433933,0.03,367.25,-0.3
2026-08-16 23:06:27.450573,49.76,474.97,-2.48
2026-08-16 23:06:27.512219,1e+31,1e+31,-5.37
2026-08-16 23:06:27.528280,44.66,449.01,4.2
2026-08-16 23:06:27.582044,0.07,366.84,-3.54
2026-08-16 23:06:27.601180,39.8,441.75,0.37
2026-08-16 23:06:27.656918,1e+31,1e+31,-2.21
2026-08-16 23:06:27.672770,1e+31,439.14,-8.85
2026-08-16 23:06:27.731798,1e+31,1e+31,-0.31
2026-08-16 23:06:27.749224,34.73,459.1,0.88
2026-08-16 23:06:27.807326,0.08,333.21,-5.98
2026-08-16 23:06:27.822949,1e+31,407.21,-3.04
2026-08-16 23:06:27.863401,0.09,308.58,-5.73
2026-08-16 23:06:27.975245,0.07,457.33,-0.53
2026-08-16 23:06:28.080940,0.07,398.59,0.33
2026-08-16 23:06:28.154534,1e+31,1e+31,2.79
2026-08-16 23:06:28.208924,0.11,911.22,4.29
2026-08-16 23:06:28.259932,0.25,810.91,4.36
2026-08-16 23:06:28.316923,0.11,566.39,8.24
2026-08-16 23:06:28.333381,48.03,432.56,3.96
2026-08-16 23:06:28.390680,0.08,377.99,-6.18
2026-08-16 23:06:28.409072,53.66,429.36,-6.95
2026-08-16 23:06:28.457020,1e+31,1e+31,0.85
2026-08-16 23:06:28.479500,45.47,450.51,-0.58
2026-08-16 23:06:28.537762,0.04,325.61,3.19
2026-08-16 23:06:28.558955,42.23,445.07,5.84
2026-08-16 23:06:28.622614,0.36,452.57,-11.25
2026-08-16 23:06:28.640566,47.35,408.05,1.6
2026-08-16 23:06:28.708652,0.02,421.54,-1.29
2026-08-16 23:06:28.729690,67.91,428.22,-2.37
2026-08-16 23:06:28.790851,1e+31,1e+31,-2.88
2026-08-16 23:06:28.813561,46.2,376.82,2.19
2026-08-16 23:06:28.869214,1e+31,1e+31,-0.81
2026-08-16 23:06:28.888749,1e+31,436.11,5.81
2026-08-16 23:06:28.948935,0.56,689.86,-2.64
2026-08-16 23:06:28.964692,51.14,445.11,11.61
2026-08-16 23:06:28.986680,1e+31,1e+31,-3.69
2026-08-16 23:06:29.039290,0.03,422.8,-4.73
2026-08-16 23:07:27.087545,44.46,498.55,3.21
2026-08-16 23:07:27.163314,1e+31,1e+31,0.1
2026-08-16 23:07:27.180090,43.31,378.36,-5.09
2026-08-16 23:07:27.231608,1e+31,1e+31,-6.96
2026-08-16 23:07:27.249725,39.97,382.0,3.12
2026-08-16 23:07:27.300955,0.02,333.3,-0.4
2026-08-16 23:07:27.318223,42.68,432.99,-2.13
2026-08-16 23:07:27.371461,1e+31,1e+31,8.78
2026-08-16 23:07:27.387867,64.28,406.31,-9.09
2026-08-16 23:07:27.433933,1e+31,1e+31,4.93
2026-08-16 23:07:27.450573,49.76,422.28,-4.32
2026-08-16 23:07:27.512219,1e+31,1e+31,4.38
2026-08-16 23:07:27.528280,44.59,473.68,2.31
2026-08-16 23:07:27.582044,1e+31,1e+31,5.46
2026-08-16 23:07:27.601180,39.75,412.05,3.52
2026-08-16 23:07:27.656918,1e+31,1e+31,2.57
2026-08-16 23:07:27.672770,1e+31,445.94,0.01
2026-08-16 23:07:27.731798,1e+31,1e+31,-4.08
2026-08-16 23:07:27.749224,34.73,366.84,5.4
2026-08-16 23:07:27.807326,0.08,332.53,3.17
2026-08-16 23:07:27.822949,1e+31,459.27,3.15
2026-08-16 23:07:27.863401,0.09,307.49,-1.53
2026-08-16 23:07:27.975245,0.06,458.72,-2.82
2026-08-16 23:07:28.080940,1e+31,1e+31,11.22
2026-08-16 23:07:28.154534,1e+31,1e+31,5.0
2026-08-16 23:07:28.208924,1e+31,1e+31,-1.18
2026-08-16 23:07:28.259932,1e+31,1e+31,4.65
2026-08-16 23:07:28.316923,0.1,567.85,-2.36
2026-08-16 23:07:28.333381,48.03,495.59,4.47
2026-08-16 23:07:28.390680,0.08,379.51,2.06
2026-08-16 23:07:28.409072,53.67,411.15,2.67
2026-08-16 23:07:28.457020,1e+31,1e+31,-3.63
2026-08-16 23:07:28.479500,45.4,415.71,5.17
2026-08-16 23:07:28.537762,0.04,324.93,-4.38
2026-08-16 23:07:28.558955,42.27,460.16,5.03
2026-08-16 23:07:28.622614,0.38,451.31,4.75
2026-08-16 23:07:28.640566,47.39,457.05,5.22
2026-08-16 23:07:28.708652,0.02,422.13,4.58
2026-08-16 23:07:28.729690,67.95,472.83,1.99
2026-08-16 23:07:28.790851,1e+31,1e+31,3.42
2026-08-16 23:07:28.813561,46.19,396.03,-0.06
2026-08-16 23:07:28.869214,1e+31,1e+31,2.93
2026-08-16 23:07:28.888749,1e+31,403.07,-0.43
2026-08-16 23:07:28.948935,0.56,693.27,-0.24
2026-08-16 23:07:28.964692,51.1,463.89,2.03
2026-08-16 23:07:28.986680,1e+31,1e+31,1.07
2026-08-16 23:07:29.039290,0.03,419.7,4.47
2026-08-16 23:08:27.087545,44.46,433.33,-2.48
2026-08-16 23:08:27.163314,1e+31,1e+31,2.6
2026-08-16 23:08:27.180090,43.31,460.73,-5.3
2026-08-16 23:08:27.231608,0.08,368.95,5.76
2026-08-16 23:08:27.249725,39.97,395.33,-1.8
2026-08-16 23:08:27.300955,0.03,331.91,-6.71
2026-08-16 23:08:27.318223,42.74,505.67,-0.6
2026-08-16 23:08:27.371461,1e+31,1e+31,6.14
2026-08-16 23:08:27.387867,64.28,428.04,-0.72
2026-08-16 23:08:27.433933,0.03,354.87,-0.87
2026-08-16 23:08:27.450573,49.76,399.27,-1.36
2026-08-16 23:08:27.512219,1e+31,1e+31,-0.37
2026-08-16 23:08:27.528280,44.59,505.32,-3.69
2026-08-16 23:08:27.582044,1e+31,1e+31,8.02
2026-08-16 23:08:27.601180,39.65,422.59,4.17
2026-08-16 23:08:27.656918,1e+31,1e+31,2.78
2026-08-16 23:08:27.672770,1e+31,434.85,2.08
2026-08-16 23:08:27.731798,1e+31,1e+31,2.91
2026-08-16 23:08:27.749224,34.76,420.51,8.27
2026-08-16 23:08:27.807326,0.09,331.39,-5.68
2026-08-16 23:08:27.822949,1e+31,422.53,1.92
2026-08-16 23:08:27.863401,0.11,302.38,2.08
2026-08-16 23:08:27.975245,0.07,458.92,3.9
2026-08-16 23:08:28.080940,0.07,397.64,-9.37
2026-08-16 23:08:28.154534,1e+31,1e+31,1.0
2026-08-16 23:08:28.208924,0.12,908.13,2.96
2026-08-16 23:08:28.259932,0.24,811.27,-5.43
2026-08-16 23:08:28.316923,0.11,567.35,7.66
2026-08-16 23:08:28.333381,48.04,419.24,-3.3
2026-08-16 23:08:28.390680,0.08,377.77,-3.36
2026-08-16 23:08:28.409072,53.67,360.09,-1.54
2026-08-16 23:08:28.457020,1e+31,1e+31,2.68
2026-08-16 23:08:28.479500,45.33,476.51,4.16
2026-08-16 23:08:28.537762,1e+31,1e+31,-3.33
2026-08-16 23:08:28.558955,42.31,469.42,3.57
2026-08-16 23:08:28.622614,0.39,451.93,-2.19
2026-08-16 23:08:28.640566,47.44,457.01,-5.36
2026-08-16 23:08:28.708652,0.02,423.26,5.18
2026-08-16 23:08:28.729690,67.99,425.46,-3.67
2026-08-16 23:08:28.790851,0.11,423.65,-2.41
2026-08-16 23:08:28.813561,46.18,448.88,4.87
2026-08-16 23:08:28.869214,1e+31,1e+31,0.32
2026-08-16 23:08:28.888749,1e+31,412.99,-6.73
2026-08-16 23:08:28.948935,0.57,678.48,0.86
2026-08-16 23:08:28.964692,51.06,449.18,4.96
2026-08-16 23:08:28.986680,1e+31,1e+31,-0.58
2026-08-16 23:08:29.039290,0.03,420.15,-1.8
2026-08-16 23:09:27.087545,44.47,460.2,3.61
2026-08-16 23:09:27.163314,1e+31,1e+31,-0.4
2026-08-16 23:09:27.180090,43.31,415.03,-5.66
2026-08-16 23:09:27.231608,0.08,372.93,-2.28
2026-08-16 23:09:27.249725,39.97,403.57,-10.97
2026-08-16 23:09:27.300955,0.03,330.73,-1.7
2026-08-16 23:09:27.318223,42.74,412.67,0.14
2026-08-16 23:09:27.371461,1e+31,1e+31,-7.77
2026-08-16 23:09:27.387867,64.28,453.81,1.66
2026-08-16 23:09:27.433933,1e+31,1e+31,1.04
2026-08-16 23:09:27.450573,49.75,469.89,2.1
2026-08-16 23:09:27.512219,1e+31,1e+31,8.35
2026-08-16 23:09:27.528280,44.59,416.25,1.26
2026-08-16 23:09:27.582044,1e+31,1e+31,2.59
2026-08-16 23:09:27.601180,39.65,441.67,-7.92
2026-08-16 23:09:27.656918,1e+31,1e+31,-0.62
2026-08-16 23:09:27.672770,1e+31,412.21,-5.78
2026-08-16 23:09:27.731798,1e+31,1e+31,2.64
2026-08-16 23:09:27.749224,34.76,415.23,0.42
2026-08-16 23:09:27.807326,0.09,331.86,6.5
2026-08-16 23:09:27.822949,1e+31,446.21,6.05
2026-08-16 23:09:27.863401,0.1,304.97,0.98
2026-08-16 23:09:27.975245,0.06,462.72,6.03
2026-08-16 23:09:28.080940,0.08,394.44,2.2
2026-08-16 23:09:28.154534,3.23,594.53,-4.5
2026-08-16 23:09:28.208924,1e+31,1e+31,-2.92
2026-08-16 23:09:28.259932,1e+31,1e+31,-0.81
2026-08-16 23:09:28.316923,0.14,559.37,1.95
2026-08-16 23:09:28.333381,48.05,448.08,-11.23
2026-08-16 23:09:28.390680,0.09,375.72,6.74
2026-08-16 23:09:28.409072,53.68,441.46,1.83
2026-08-16 23:09:28.457020,1e+31,1e+31,-5.29
2026-08-16 23:09:28.479500,45.26,440.78,3.82
2026-08-16 23:09:28.537762,1e+31,1e+31,2.3
2026-08-16 23:09:28.558955,42.34,439.39,-1.22
2026-08-16 23:09:28.622614,0.38,452.53,7.68
2026-08-16 23:09:28.640566,47.48,423.78,-6.23
2026-08-16 23:09:28.708652,0.02,422.61,-9.71
2026-08-16 23:09:28.729690,68.03,467.05,0.27
2026-08-16 23:09:28.790851,0.1,431.43,1.71
2026-08-16 23:09:28.813561,46.18,436.36,-6.73
2026-08-16 23:09:28.869214,1e+31,1e+31,1.2
2026-08-16 23:09:28.888749,1e+31,432.41,-6.02
2026-08-16 23:09:28.948935,0.58,682.55,1.86
2026-08-16 23:09:28.964692,51.03,430.3,-1.28
2026-08-16 23:09:28.986680,1e+31,1e+31,-6.63
2026-08-16 23:09:29.039290,0.03,420.37,4.9
2026-08-16 23:10:27.087545,44.38,447.57,1.08
2026-08-16 23:10:27.163314,1e+31,1e+31,-4.62
2026-08-16 23:10:27.180090,43.67,423.72,8.34
2026-08-16 23:10:27.231608,0.08,368.93,-2.6
2026-08-16 23:10:27.249725,39.99,383.87,8.27
2026-08-16 23:10:27.300955,0.03,329.01,4.4
2026-08-16 23:10:27.318223,42.74,398.78,2.41
2026-08-16 23:10:27.371461,1e+31,1e+31,-1.84
2026-08-16 23:10:27.387867,64.28,403.93,-5.65
2026-08-16 23:10:27.433933,1e+31,1e+31,6.5
2026-08-16 23:10:27.450573,49.55,402.08,-2.95
2026-08-16 23:10:27.512219,1e+31,1e+31,3.15
2026-08-16 23:10:27.528280,44.56,373.81,-0.86
2026-08-16 23:10:27.582044,1e+31,1e+31,-6.93
2026-08-16 23:10:27.601180,39.43,486.51,-6.22
2026-08-16 23:10:27.656918,1e+31,1e+31,-0.69
2026-08-16 23:10:27.672770,1e+31,386.31,-4.38
2026-08-16 23:10:27.731798,1e+31,1e+31,-0.76
2026-08-16 23:10:27.749224,34.76,398.25,0.38
2026-08-16 23:10:27.807326,1e+31,1e+31,-0.6
2026-08-16 23:10:27.822949,1e+31,414.64,-4.6
2026-08-16 23:10:27.863401,0.11,301.87,3.12
2026-08-16 23:10:27.975245,1e+31,1e+31,-6.87
2026-08-16 23:10:28.080940,0.08,395.77,-3.06
2026-08-16 23:10:28.154534,1.04,674.39,-5.72
2026-08-16 23:10:28.208924,0.11,921.84,-4.85
2026-08-16 23:10:28.259932,0.23,811.56,-5.8
2026-08-16 23:10:28.316923,0.07,567.48,-3.77
2026-08-16 23:10:28.333381,48.05,417.99,-3.99
2026-08-16 23:10:28.390680,0.08,376.92,-3.71
2026-08-16 23:10:28.409072,53.69,477.61,-1.25
2026-08-16 23:10:28.457020,1e+31,1e+31,-0.88
2026-08-16 23:10:28.479500,45.2,468.82,8.78
2026-08-16 23:10:28.537762,1e+31,1e+31,4.0
2026-08-16 23:10:28.558955,42.38,441.8,-1.17
2026-08-16 23:10:28.622614,0.35,453.37,3.29
2026-08-16 23:10:28.640566,47.52,485.63,2.23
2026-08-16 23:10:28.708652,0.02,422.97,2.29
2026-08-16 23:10:28.729690,68.07,411.15,-3.62
2026-08-16 23:10:28.790851,0.14,405.08,-3.63
2026-08-16 23:10:28.813561,46.17,435.0,-1.35
2026-08-16 23:10:28.869214,1e+31,1e+31,9.85
2026-08-16 23:10:28.888749,1e+31,462.97,5.33
2026-08-16 23:10:28.948935,0.66,679.52,-0.67
2026-08-16 23:10:28.964692,50.99,401.83,-6.51
2026-08-16 23:10:28.986680,1e+31,1e+31,7.4
2026-08-16 23:10:29.039290,0.03,421.0,-6.2
2026-08-16 23:11:27.087545,44.38,491.03,3.42
2026-08-16 23:11:27.163314,1e+31,1e+31,2.12
2026-08-16 23:11:27.180090,43.88,442.94,-3.23
2026-08-16 23:11:27.231608,0.07,370.43,-2.39
2026-08-16 23:11:27.249725,40.05,444.87,-4.12
2026-08-16 23:11:27.300955,0.03,330.66,-3.5
2026-08-16 23:11:27.318223,42.68,431.12,-0.95
2026-08-16 23:11:27.371461,1e+31,1e+31,-1.42
2026-08-16 23:11:27.387867,60.0,445.77,2.0
2026-08-16 23:11:27.433933,0.03,363.44,-5.27
2026-08-16 23:11:27.450573,49.35,440.41,11.55
2026-08-16 23:11:27.512219,1e+31,1e+31,-5.04
2026-08-16 23:11:27.528280,44.5,414.91,0.83
2026-08-16 23:11:27.582044,1e+31,1e+31,4.8
2026-08-16 23:11:27.601180,39.37,396.27,-7.41
2026-08-16 23:11:27.656918,1e+31,1e+31,-4.96
2026-08-16 23:11:27.672770,1e+31,446.97,4.6
2026-08-16 23:11:27.731798,1e+31,1e+31,-4.01
2026-08-16 23:11:27.749224,34.79,449.96,-3.89
2026-08-16 23:11:27.807326,1e+31,1e+31,12.77
2026-08-16 23:11:27.822949,1e+31,413.88,8.43
2026-08-16 23:11:27.863401,0.12,290.23,5.99
2026-08-16 23:11:27.975245,1e+31,1e+31,-3.35
2026-08-16 23:11:28.080940,0.08,395.65,0.75
2026-08-16 23:11:28.154534,1.79,647.2,-8.19
2026-08-16 23:11:28.208924,1e+31,1e+31,-5.42
2026-08-16 23:11:28.259932,0.26,809.93,3.29
2026-08-16 23:11:28.316923,0.09,570.25,3.08
2026-08-16 23:11:28.333381,48.06,462.96,-2.6
2026-08-16 23:11:28.390680,0.08,376.94,-5.92
2026-08-16 23:11:28.409072,53.7,411.32,-3.41
2026-08-16 23:11:28.457020,1e+31,1e+31,8.02
2026-08-16 23:11:28.479500,45.13,504.77,-6.86
2026-08-16 23:11:28.537762,0.04,327.7,-2.96
2026-08-16 23:11:28.558955,42.42,398.91,1.96
2026-08-16 23:11:28.622614,0.37,452.99,-0.38
2026-08-16 23:11:28.640566,47.56,486.62,1.25
2026-08-16 23:11:28.708652,0.02,423.56,-1.09
2026-08-16 23:11:28.729690,68.11,466.2,-5.25
2026-08-16 23:11:28.790851,1e+31,1e+31,2.14
2026-08-16 23:11:28.813561,46.16,466.02,-1.02
2026-08-16 23:11:28.869214,1e+31,1e+31,-1.21
2026-08-16 23:11:28.888749,1e+31,468.36,-3.45
2026-08-16 23:11:28.948935,0.67,679.3,-2.53
2026-08-16 23:11:28.964692,50.95,436.4,-1.55
2026-08-16 23:11:28.986680,1e+31,1e+31,-3.03
2026-08-16 23:11:29.039290,0.03,422.46,-2.06
2026-08-16 23:12:27.087545,44.38,432.3,2.33
2026-08-16 23:12:27.163314,1e+31,1e+31,-3.18
2026-08-16 23:12:27.180090,43.88,420.05,-4.82
2026-08-16 23:12:27.231608,0.08,368.27,1.13
2026-08-16 23:12:27.249725,39.99,437.25,-0.57
2026-08-16 23:12:27.300955,0.03,332.23,-3.13
2026-08-16 23:12:27.318223,42.22,418.68,-2.03
2026-08-16 23:12:27.371461,1e+31,1e+31,-2.36
2026-08-16 23:12:27.387867,60.0,402.06,-0.57
2026-08-16 23:12:27.433933,1e+31,1e+31,2.03
2026-08-16 23:12:27.450573,49.32,408.16,-6.91
2026-08-16 23:12:27.512219,1e+31,1e+31,1.54
2026-08-16 23:12:27.528280,44.56,418.56,-4.11
2026-08-16 23:12:27.582044,1e+31,1e+31,-3.87
2026-08-16 23:12:27.601180,39.33,439.68,0.02
2026-08-16 23:12:27.656918,0.14,322.54,-1.01
2026-08-16 23:12:27.672770,1e+31,425.44,4.44
2026-08-16 23:12:27.731798,1e+31,1e+31,7.54
2026-08-16 23:12:27.749224,34.82,345.22,0.28
2026-08-16 23:12:27.807326,0.08,331.28,3.84
2026-08-16 23:12:27.822949,1e+31,435.17,3.12
2026-08-16 23:12:27.863401,1e+31,1e+31,1.46
2026-08-16 23:12:27.975245,1e+31,1e+31,0.09
2026-08-16 23:12:28.080940,0.08,398.38,5.67
2026-08-16 23:12:28.154534,1.27,663.63,3.7
2026-08-16 23:12:28.208924,0.14,902.72,-6.56
2026-08-16 23:12:28.259932,0.24,810.46,-1.73
2026-08-16 23:12:28.316923,0.09,575.05,-2.36
2026-08-16 23:12:28.333381,48.07,461.67,-6.47
2026-08-16 23:12:28.390680,0.08,377.67,-0.24
2026-08-16 23:12:28.409072,53.71,423.43,-1.88
2026-08-16 23:12:28.457020,1e+31,1e+31,-0.83
2026-08-16 23:12:28.479500,45.07,436.82,-8.92
2026-08-16 23:12:28.537762,1e+31,1e+31,3.64
2026-08-16 23:12:28.558955,42.46,439.27,-4.55
2026-08-16 23:12:28.622614,0.35,454.68,0.71
2026-08-16 23:12:28.640566,47.59,445.88,7.72
2026-08-16 23:12:28.708652,0.04,428.01,-0.12
2026-08-16 23:12:28.729690,68.14,482.69,-3.85
2026-08-16 23:12:28.790851,0.11,425.32,-6.61
2026-08-16 23:12:28.813561,46.15,422.89,-6.85
2026-08-16 23:12:28.869214,1e+31,1e+31,-1.81
2026-08-16 23:12:28.888749,1e+31,443.76,-1.63
2026-08-16 23:12:28.948935,0.63,675.31,3.13
2026-08-16 23:12:28.964692,50.92,439.48,4.18
2026-08-16 23:12:28.986680,1e+31,1e+31,0.53
2026-08-16 23:12:29.039290,0.03,419.64,-0.33
2026-08-16 23:13:27.087545,44.27,488.41,-6.55
2026-08-16 23:13:27.163314,1e+31,1e+31,7.58
2026-08-16 23:13:27.180090,43.88,420.58,-2.03
2026-08-16 23:13:27.231608,0.08,371.33,3.84
2026-08-16 23:13:27.249725,39.97,453.33,-6.98
2026-08-16 23:13:27.300955,0.03,332.05,-6.16
2026-08-16 23:13:27.318223,38.23,439.13,-1.11
2026-08-16 23:13:27.371461,1e+31,1e+31,-5.32
2026-08-16 23:13:27.387867,60.0,430.8,1.09
2026-08-16 23:13:27.433933,0.03,357.58,-0.67
2026-08-16 23:13:27.450573,49.0,443.93,-4.16
2026-08-16 23:13:27.512219,1e+31,1e+31,-3.97
2026-08-16 23:13:27.528280,44.52,409.01,1.92
2026-08-16 23:13:27.582044,1e+31,1e+31,0.32
2026-08-16 23:13:27.601180,39.33,399.41,2.54
2026-08-16 23:13:27.656918,1e+31,1e+31,-2.12
2026-08-16 23:13:27.672770,1e+31,424.63,-2.74
2026-08-16 23:13:27.731798,1e+31,1e+31,-2.6
2026-08-16 23:13:27.749224,34.87,460.95,-1.08
2026-08-16 23:13:27.807326,0.09,331.14,4.36
2026-08-16 23:13:27.822949,1e+31,384.77,6.64
2026-08-16 23:13:27.863401,0.09,300.25,5.37
2026-08-16 23:13:27.975245,1e+31,1e+31,3.67
2026-08-16 23:13:28.080940,0.07,399.5,-4.2
2026-08-16 23:13:28.154534,2.12,636.58,-0.14
2026-08-16 23:13:28.208924,1e+31,1e+31,0.59
2026-08-16 23:13:28.259932,0.24,811.44,-8.37
2026-08-16 23:13:28.316923,0.09,571.81,-1.69
2026-08-16 23:13:28.333381,48.09,412.27,1.42
2026-08-16 23:13:28.390680,0.08,377.63,0.27
2026-08-16 23:13:28.409072,53.72,430.6,5.14
2026-08-16 23:13:28.457020,1e+31,1e+31,8.29
2026-08-16 23:13:28.479500,45.01,413.64,9.24
2026-08-16 23:13:28.537762,1e+31,1e+31,-8.11
2026-08-16 23:13:28.558955,42.49,358.68,5.33
2026-08-16 23:13:28.622614,0.37,452.75,8.9
2026-08-16 23:13:28.640566,47.63,451.97,-0.13
2026-08-16 23:13:28.708652,0.05,426.39,-3.36
2026-08-16 23:13:28.729690,68.18,396.32,8.73
2026-08-16 23:13:28.790851,0.09,433.64,0.68
2026-08-16 23:13:28.813561,46.14,472.43,7.51
2026-08-16 23:13:28.869214,1e+31,1e+31,-2.38
2026-08-16 23:13:28.888749,1e+31,379.73,4.71
2026-08-16 23:13:28.948935,0.68,681.8,-5.88
2026-08-16 23:13:28.964692,50.89,413.51,-3.98
2026-08-16 23:13:28.986680,1e+31,1e+31,-0.17
2026-08-16 23:13:29.039290,0.03,421.56,1.59
2026-08-16 23:14:27.087545,44.38,474.63,7.34
2026-08-16 23:14:27.163314,1e+31,1e+31,6.49
2026-08-16 23:14:27.180090,43.88,439.53,-0.02
2026-08-16 23:14:27.231608,0.08,372.99,-5.55
2026-08-16 23:14:27.249725,39.82,451.99,2.51
2026-08-16 23:14:27.300955,0.04,329.43,-12.75
2026-08-16 23:14:27.318223,38.02,484.67,-2.43
2026-08-16 23:14:27.371461,1e+31,1e+31,0.92
2026-08-16 23:14:27.387867,58.89,465.06,1.35
2026-08-16 23:14:27.433933,0.03,353.82,2.7
2026-08-16 23:14:27.450573,49.0,392.98,-2.29
2026-08-16 23:14:27.512219,1e+31,1e+31,0.62
2026-08-16 23:14:27.528280,44.56,418.61,-5.64
2026-08-16 23:14:27.582044,1e+31,1e+31,-0.71
2026-08-16 23:14:27.601180,39.33,457.49,3.8
2026-08-16 23:14:27.656918,1e+31,1e+31,1.07
2026-08-16 23:14:27.672770,1e+31,457.68,3.24
2026-08-16 23:14:27.731798,1e+31,1e+31,-3.15
2026-08-16 23:14:27.749224,34.87,440.28,0.64
2026-08-16 23:14:27.807326,0.08,331.76,-2.23
2026-08-16 23:14:27.822949,1e+31,398.65,-7.25
2026-08-16 23:14:27.863401,0.11,299.92,-2.54
2026-08-16 23:14:27.975245,1e+31,1e+31,-5.96
2026-08-16 23:14:28.080940,0.08,399.27,-2.42
2026-08-16 23:14:28.154534,1e+31,1e+31,-4.81
2026-08-16 23:14:28.208924,0.11,916.28,-1.76
2026-08-16 23:14:28.259932,0.24,811.22,9.49
2026-08-16 23:14:28.316923,0.09,572.17,-1.63
2026-08-16 23:14:28.333381,48.1,465.45,-6.1
2026-08-16 23:14:28.390680,0.08,377.14,-0.33
2026-08-16 23:14:28.409072,53.73,392.9,-0.38
2026-08-16 23:14:28.457020,1e+31,1e+31,2.08
2026-08-16 23:14:28.479500,44.95,440.0,-2.55
2026-08-16 23:14:28.537762,0.03,333.35,-2.9
2026-08-16 23:14:28.558955,42.53,410.64,4.1
2026-08-16 23:14:28.622614,0.37,452.87,-0.11
2026-08-16 23:14:28.640566,47.66,488.53,-1.63
2026-08-16 23:14:28.708652,0.05,424.21,1.65
2026-08-16 23:14:28.729690,68.22,426.45,2.78
2026-08-16 23:14:28.790851,0.08,434.68,-2.56
2026-08-16 23:14:28.813561,46.13,379.54,-6.34
2026-08-16 23:14:28.869214,1e+31,1e+31,-2.76
2026-08-16 23:14:28.888749,1e+31,380.42,1.36
2026-08-16 23:14:28.948935,0.63,680.3,0.34
2026-08-16 23:14:28.964692,50.86,436.54,-6.3
2026-08-16 23:14:28.986680,1e+31,1e+31,-7.97
2026-08-16 23:14:29.039290,0.03,423.07,1.2
2026-08-16 23:15:27.087545,44.48,429.0,7.32
2026-08-16 23:15:27.163314,1e+31,1e+31,4.31
2026-08-16 23:15:27.180090,43.88,421.05,-4.75
2026-08-16 23:15:27.231608,0.08,370.47,5.11
2026-08-16 23:15:27.249725,39.82,501.87,4.57
2026-08-16 23:15:27.300955,1e+31,1e+31,-2.3
2026-08-16 23:15:27.318223,38.02,425.97,-1.64
2026-08-16 23:15:27.371461,1e+31,1e+31,8.75
2026-08-16 23:15:27.387867,58.29,380.93,-3.01
2026-08-16 23:15:27.433933,0.03,354.15,-0.43
2026-08-16 23:15:27.450573,49.0,466.18,4.31
2026-08-16 23:15:27.512219,1e+31,1e+31,-1.04
2026-08-16 23:15:27.528280,44.56,452.67,-7.22
2026-08-16 23:15:27.582044,1e+31,1e+31,-4.74
2026-08-16 23:15:27.601180,39.27,432.82,2.99
2026-08-16 23:15:27.656918,0.11,323.66,3.61
2026-08-16 23:15:27.672770,1e+31,392.87,2.67
2026-08-16 23:15:27.731798,1e+31,1e+31,-2.39
2026-08-16 23:15:27.749224,34.87,426.32,-4.23
2026-08-16 23:15:27.807326,0.08,330.44,-0.29
2026-08-16 23:15:27.822949,1e+31,430.58,-6.51
2026-08-16 23:15:27.863401,0.12,298.82,3.62
2026-08-16 23:15:27.975245,1e+31,1e+31,2.56
2026-08-16 23:15:28.080940,1e+31,1e+31,-8.59
2026-08-16 23:15:28.154534,1e+31,1e+31,3.93
2026-08-16 23:15:28.208924,1e+31,1e+31,1.01
2026-08-16 23:15:28.259932,0.25,810.98,1.84
2026-08-16 23:15:28.316923,0.09,573.54,2.87
2026-08-16 23:15:28.333381,48.12,446.19,5.85
2026-08-16 23:15:28.390680,0.09,375.84,-7.54
2026-08-16 23:15:28.409072,53.75,460.86,-7.32
2026-08-16 23:15:28.457020,1e+31,1e+31,-3.46
2026-08-16 23:15:28.479500,44.89,412.4,-7.15
2026-08-16 23:15:28.537762,1e+31,1e+31,6.5
2026-08-16 23:15:28.558955,42.57,395.78,-2.59
2026-08-16 23:15:28.622614,0.37,453.13,4.86
2026-08-16 23:15:28.640566,47.7,445.2,3.45
2026-08-16 23:15:28.708652,0.05,423.78,-3.0
2026-08-16 23:15:28.729690,68.25,441.07,0.94
2026-08-16 23:15:28.790851,1e+31,1e+31,-2.49
2026-08-16 23:15:28.813561,46.12,452.23,-3.73
2026-08-16 23:15:28.869214,1e+31,1e+31,8.39
2026-08-16 23:15:28.888749,1e+31,433.49,-1.84
2026-08-16 23:15:28.948935,0.65,679.58,3.98
2026-08-16 23:15:28.964692,50.83,457.14,0.16
2026-08-16 23:15:28.986680,1e+31,1e+31,-1.02
2026-08-16 23:15:29.039290,0.04,420.36,8.01
2026-08-16 23:16:27.087545,44.53,471.33,-3.68
2026-08-16 23:16:27.163314,1e+31,1e+31,-5.37
2026-08-16 23:16:27.180090,43.88,464.25,-0.02
2026-08-16 23:16:27.231608,0.07,370.65,-1.13
2026-08-16 23:16:27.249725,39.59,471.97,-7.13
2026-08-16 23:16:27.300955,0.03,327.4,-7.23
2026-08-16 23:16:27.318223,38.04,416.32,1.83
2026-08-16 23:16:27.371461,1e+31,1e+31,5.76
2026-08-16 23:16:27.387867,58.29,378.38,1.87
2026-08-16 23:16:27.433933,0.03,351.05,-1.58
2026-08-16 23:16:27.450573,48.99,407.96,1.69
2026-08-16 23:16:27.512219,1e+31,1e+31,-6.66
2026-08-16 23:16:27.528280,44.52,479.79,5.21
2026-08-16 23:16:27.582044,1e+31,1e+31,3.4
2026-08-16 23:16:27.601180,39.33,426.39,-3.02
2026-08-16 23:16:27.656918,0.09,322.78,1.09
2026-08-16 23:16:27.672770,1e+31,430.57,4.45
2026-08-16 23:16:27.731798,1e+31,1e+31,1.78
2026-08-16 23:16:27.749224,34.87,454.48,0.7
2026-08-16 23:16:27.807326,0.03,333.71,-1.18
2026-08-16 23:16:27.822949,1e+31,406.03,6.0
2026-08-16 23:16:27.863401,0.11,300.77,-3.68
2026-08-16 23:16:27.975245,1e+31,1e+31,3.22
2026-08-16 23:16:28.080940,0.06,401.82,-5.63
2026-08-16 23:16:28.154534,1e+31,1e+31,2.96
2026-08-16 23:16:28.208924,1e+31,1e+31,-2.86
2026-08-16 23:16:28.259932,0.23,809.16,7.02
2026-08-16 23:16:28.316923,0.09,567.93,0.7
2026-08-16 23:16:28.333381,48.13,459.94,-1.93
2026-08-16 23:16:28.390680,0.08,374.81,3.9
2026-08-16 23:16:28.409072,53.76,428.42,-1.78
2026-08-16 23:16:28.457020,1e+31,1e+31,6.42
2026-08-16 23:16:28.479500,44.83,412.51,-1.91
2026-08-16 23:16:28.537762,1e+31,1e+31,-7.19
2026-08-16 23:16:28.558955,42.61,368.24,11.31
2026-08-16 23:16:28.622614,0.36,452.01,-3.12
2026-08-16 23:16:28.640566,47.73,382.01,2.12
2026-08-16 23:16:28.708652,0.05,424.82,-4.28
2026-08-16 23:16:28.729690,68.28,470.5,0.68
2026-08-16 23:16:28.790851,0.1,427.92,-0.64
2026-08-16 23:16:28.813561,46.11,416.64,3.7
2026-08-16 23:16:28.869214,1e+31,1e+31,7.33
2026-08-16 23:16:28.888749,1e+31,395.27,-4.16
2026-08-16 23:16:28.948935,0.6,676.99,-4.53
2026-08-16 23:16:28.964692,50.8,421.08,1.87
2026-08-16 23:16:28.986680,1e+31,1e+31,-0.27
2026-08-16 23:16:29.039290,0.03,421.17,3.34
2026-08-16 23:17:27.087545,44.53,408.07,0.03
2026-08-16 23:17:27.163314,1e+31,1e+31,0.57
2026-08-16 23:17:27.180090,43.88,400.92,4.53
2026-08-16 23:17:27.231608,0.07,370.84,0.18
2026-08-16 23:17:27.249725,39.82,461.83,2.83
2026-08-16 23:17:27.300955,0.04,328.72,-0.73
2026-08-16 23:17:27.318223,38.04,460.15,6.55
2026-08-16 23:17:27.371461,1e+31,1e+31,6.97
2026-08-16 23:17:27.387867,58.29,375.67,1.21
2026-08-16 23:17:27.433933,0.03,362.42,-1.97
2026-08-16 23:17:27.450573,48.99,388.96,-3.48
2026-08-16 23:17:27.512219,1e+31,1e+31,-2.68
2026-08-16 23:17:27.528280,44.52,436.06,3.63
2026-08-16 23:17:27.582044,1e+31,1e+31,3.51
2026-08-16 23:17:27.601180,39.33,413.36,1.79
2026-08-16 23:17:27.656918,0.09,318.89,-7.82
2026-08-16 23:17:27.672770,1e+31,403.74,1.2
2026-08-16 23:17:27.731798,1e+31,1e+31,1.08
2026-08-16 23:17:27.749224,34.96,419.84,4.21
2026-08-16 23:17:27.807326,0.06,331.87,4.58
2026-08-16 23:17:27.822949,1e+31,424.73,-3.39
2026-08-16 23:17:27.863401,1e+31,1e+31,-1.46
2026-08-16 23:17:27.975245,1e+31,1e+31,-4.8
2026-08-16 23:17:28.080940,0.07,402.81,0.32
2026-08-16 23:17:28.154534,1e+31,1e+31,-7.86
2026-08-16 23:17:28.208924,1e+31,1e+31,-2.0
2026-08-16 23:17:28.259932,0.24,809.26,4.42
2026-08-16 23:17:28.316923,0.08,570.74,-0.76
2026-08-16 23:17:28.333381,48.15,446.85,-4.61
2026-08-16 23:17:28.390680,0.08,377.98,0.49
2026-08-16 23:17:28.409072,53.77,427.36,3.51
2026-08-16 23:17:28.457020,1e+31,1e+31,-1.13
2026-08-16 23:17:28.479500,44.77,438.46,2.31
2026-08-16 23:17:28.537762,1e+31,1e+31,-0.92
2026-08-16 23:17:28.558955,42.65,445.75,3.29
2026-08-16 23:17:28.622614,0.38,453.68,-1.85
2026-08-16 23:17:28.640566,47.76,376.85,-0.55
2026-08-16 23:17:28.708652,0.05,427.76,-1.59
2026-08-16 23:17:28.729690,68.32,448.16,-3.97
2026-08-16 23:17:28.790851,1e+31,1e+31,-0.27
2026-08-16 23:17:28.813561,46.1,420.03,-1.75
2026-08-16 23:17:28.869214,1e+31,1e+31,6.75
2026-08-16 23:17:28.888749,1e+31,445.49,1.41
2026-08-16 23:17:28.948935,0.64,678.5,-3.36
2026-08-16 23:17:28.964692,50.77,473.95,3.97
2026-08-16 23:17:28.986680,1e+31,1e+31,3.66
2026-08-16 23:17:29.039290,0.03,423.42,-4.08
2026-08-16 23:18:27.087545,44.53,426.06,2.62
2026-08-16 23:18:27.163314,1e+31,1e+31,1.86
2026-08-16 23:18:27.180090,43.81,459.66,-1.05
2026-08-16 23:18:27.231608,0.07,366.67,-1.88
2026-08-16 23:18:27.249725,40.05,405.85,-3.65
2026-08-16 23:18:27.300955,0.03,334.5,-2.6
2026-08-16 23:18:27.318223,38.04,435.21,6.45
2026-08-16 23:18:27.371461,1e+31,1e+31,-3.22
2026-08-16 23:18:27.387867,59.6,433.28,4.37
2026-08-16 23:18:27.433933,1e+31,1e+31,5.4
2026-08-16 23:18:27.450573,48.93,470.06,8.27
2026-08-16 23:18:27.512219,1e+31,1e+31,-2.77
2026-08-16 23:18:27.528280,44.44,424.95,-1.53
2026-08-16 23:18:27.582044,0.07,365.53,-1.87
2026-08-16 23:18:27.601180,39.27,416.84,-0.1
2026-08-16 23:18:27.656918,0.12,317.98,7.63
2026-08-16 23:18:27.672770,1e+31,402.35,-3.91
2026-08-16 23:18:27.731798,1e+31,1e+31,2.19
2026-08-16 23:18:27.749224,34.96,415.79,7.25
2026-08-16 23:18:27.807326,0.07,331.13,1.27
2026-08-16 23:18:27.822949,1e+31,410.38,-1.27
2026-08-16 23:18:27.863401,0.09,297.45,5.1
2026-08-16 23:18:27.975245,1e+31,1e+31,4.72
2026-08-16 23:18:28.080940,0.09,403.38,7.22
2026-08-16 23:18:28.154534,1e+31,1e+31,-2.99
2026-08-16 23:18:28.208924,1e+31,1e+31,-1.34
2026-08-16 23:18:28.259932,0.23,809.65,-1.51
2026-08-16 23:18:28.316923,0.12,566.14,-3.06
2026-08-16 23:18:28.333381,48.17,401.33,-0.19
2026-08-16 23:18:28.390680,0.08,377.03,2.03
2026-08-16 23:18:28.409072,53.78,426.91,2.25
2026-08-16 23:18:28.457020,1e+31,1e+31,2.91
2026-08-16 23:18:28.479500,44.72,418.24,1.8
2026-08-16 23:18:28.537762,1e+31,1e+31,-3.35
2026-08-16 23:18:28.558955,42.69,423.07,-2.99
2026-08-16 23:18:28.622614,0.36,452.56,-4.04
2026-08-16 23:18:28.640566,47.79,437.03,-2.58
2026-08-16 23:18:28.708652,0.05,422.91,-4.71
2026-08-16 23:18:28.729690,68.35,456.89,-10.72
2026-08-16 23:18:28.790851,0.09,429.95,1.28
2026-08-16 23:18:28.813561,46.09,393.52,-4.34
2026-08-16 23:18:28.869214,1e+31,1e+31,7.56
2026-08-16 23:18:28.888749,1e+31,456.61,4.16
2026-08-16 23:18:28.948935,0.59,675.41,2.97
2026-08-16 23:18:28.964692,50.74,414.94,0.86
2026-08-16 23:18:28.986680,1e+31,1e+31,5.55
2026-08-16 23:18:29.039290,0.03,422.81,-2.39
2026-08-16 23:19:27.087545,44.62,405.62,-6.75
2026-08-16 23:19:27.163314,1e+31,1e+31,3.21
2026-08-16 23:19:27.180090,43.81,444.54,-0.9
2026-08-16 23:19:27.231608,0.08,367.15,-2.42
2026-08-16 23:19:27.249725,40.05,467.81,-2.39
2026-08-16 23:19:27.300955,0.03,335.13,4.45
2026-08-16 23:19:27.318223,38.04,418.31,-2.62
2026-08-16 23:19:27.371461,1e+31,1e+31,-9.76
2026-08-16 23:19:27.387867,60.11,405.86,8.21
2026-08-16 23:19:27.433933,1e+31,1e+31,-2.3
2026-08-16 23:19:27.450573,48.99,438.91,-6.68
2026-08-16 23:19:27.512219,1e+31,1e+31,-4.96
2026-08-16 23:19:27.528280,44.44,433.26,-3.24
2026-08-16 23:19:27.582044,0.07,366.54,5.08
2026-08-16 23:19:27.601180,39.0,416.41,-1.43
2026-08-16 23:19:27.656918,1e+31,1e+31,3.89
2026-08-16 23:19:27.672770,1e+31,478.71,1.4
2026-08-16 23:19:27.731798,1e+31,1e+31,2.59
2026-08-16 23:19:27.749224,34.93,429.12,2.56
2026-08-16 23:19:27.807326,1e+31,1e+31,4.75
2026-08-16 23:19:27.822949,1e+31,427.09,-0.72
2026-08-16 23:19:27.863401,0.13,293.21,-2.74
2026-08-16 23:19:27.975245,1e+31,1e+31,2.4
2026-08-16 23:19:28.080940,0.08,403.05,1.16
2026-08-16 23:19:28.154534,1.05,675.7,6.53
2026-08-16 23:19:28.208924,0.07,936.28,0.11
2026-08-16 23:19:28.259932,0.24,810.1,-1.19
2026-08-16 23:19:28.316923,1e+31,1e+31,3.87
2026-08-16 23:19:28.333381,48.19,420.49,1.46
2026-08-16 23:19:28.390680,0.08,379.24,-1.8
2026-08-16 23:19:28.409072,53.8,465.41,-7.52
2026-08-16 23:19:28.457020,1e+31,1e+31,1.21
2026-08-16 23:19:28.479500,44.66,424.53,-2.4
2026-08-16 23:19:28.537762,1e+31,1e+31,7.39
2026-08-16 23:19:28.558955,42.73,429.98,4.36
2026-08-16 23:19:28.622614,0.37,452.39,-0.17
2026-08-16 23:19:28.640566,47.82,449.26,-4.66
2026-08-16 23:19:28.708652,0.05,424.17,-1.54
2026-08-16 23:19:28.729690,68.38,404.7,-0.98
2026-08-16 23:19:28.790851,1e+31,1e+31,-1.68
2026-08-16 23:19:28.813561,46.07,526.15,-2.47
2026-08-16 23:19:28.869214,1e+31,1e+31,12.45
2026-08-16 23:19:28.888749,1e+31,451.2,2.97
2026-08-16 23:19:28.948935,0.63,677.76,-3.92
2026-08-16 23:19:28.964692,50.72,392.72,3.2
2026-08-16 23:19:28.986680,1e+31,1e+31,5.76
2026-08-16 23:19:29.039290,0.03,421.71,-1.06
2026-08-16 23:20:27.087545,44.64,489.09,7.01
2026-08-16 23:20:27.163314,1e+31,1e+31,-0.62
2026-08-16 23:20:27.180090,43.79,426.66,-6.22
2026-08-16 23:20:27.231608,0.08,369.77,8.91
2026-08-16 23:20:27.249725,40.06,449.42,6.45
2026-08-16 23:20:27.300955,0.03,334.35,-1.44
2026-08-16 23:20:27.318223,38.02,458.46,-4.74
2026-08-16 23:20:27.371461,1e+31,1e+31,4.9
2026-08-16 23:20:27.387867,60.26,426.61,-1.9
2026-08-16 23:20:27.433933,1e+31,1e+31,-6.13
2026-08-16 23:20:27.450573,48.99,403.71,0.22
2026-08-16 23:20:27.512219,0.08,299.72,3.55
2026-08-16 23:20:27.528280,44.52,385.23,2.51
2026-08-16 23:20:27.582044,1e+31,1e+31,5.15
2026-08-16 23:20:27.601180,38.93,419.35,-5.36
2026-08-16 23:20:27.656918,0.1,314.64,-3.34
2026-08-16 23:20:27.672770,1e+31,442.04,-7.6
2026-08-16 23:20:27.731798,1e+31,1e+31,1.79
2026-08-16 23:20:27.749224,34.9,444.7,-4.06
2026-08-16 23:20:27.807326,0.07,323.21,7.9
2026-08-16 23:20:27.822949,1e+31,434.77,-3.27
2026-08-16 23:20:27.863401,0.09,304.8,7.74
2026-08-16 23:20:27.975245,1e+31,1e+31,-6.09
2026-08-16 23:20:28.080940,0.08,403.44,7.27
2026-08-16 23:20:28.154534,1e+31,1e+31,5.94
2026-08-16 23:20:28.208924,1e+31,1e+31,0.18
2026-08-16 23:20:28.259932,0.24,810.02,-4.36
2026-08-16 23:20:28.316923,0.11,566.32,-0.02
2026-08-16 23:20:28.333381,48.21,422.94,-3.46
2026-08-16 23:20:28.390680,0.09,378.4,4.01
2026-08-16 23:20:28.409072,53.81,386.16,1.29
2026-08-16 23:20:28.457020,0.02,401.97,-4.32
2026-08-16 23:20:28.479500,44.61,415.04,5.69
2026-08-16 23:20:28.537762,1e+31,1e+31,-1.0
2026-08-16 23:20:28.558955,42.77,456.33,-3.25
2026-08-16 23:20:28.622614,0.39,454.6,-5.74
2026-08-16 23:20:28.640566,47.84,454.08,14.09
2026-08-16 23:20:28.708652,0.04,421.42,-3.48
2026-08-16 23:20:28.729690,68.41,442.35,2.06
2026-08-16 23:20:28.790851,0.11,420.42,-2.05
2026-08-16 23:20:28.813561,46.06,467.4,0.41
2026-08-16 23:20:28.869214,1e+31,1e+31,-0.3
2026-08-16 23:20:28.888749,1e+31,407.61,-1.59
2026-08-16 23:20:28.948935,0.58,677.56,5.86
2026-08-16 23:20:28.964692,50.7,413.15,2.97
2026-08-16 23:20:28.986680,1e+31,1e+31,3.38
2026-08-16 23:20:29.039290,0.03,421.0,-1.09
2026-08-16 23:21:27.087545,44.64,465.94,3.95
2026-08-16 23:21:27.163314,1e+31,1e+31,5.44
2026-08-16 23:21:27.180090,43.81,438.55,4.74
2026-08-16 23:21:27.231608,0.08,369.0,5.1
2026-08-16 23:21:27.249725,40.24,467.7,-1.59
2026-08-16 23:21:27.300955,0.02,338.5,-2.32
2026-08-16 23:21:27.318223,38.04,451.51,1.3
2026-08-16 23:21:27.371461,1e+31,1e+31,-2.91
2026-08-16 23:21:27.387867,60.26,409.66,0.91
2026-08-16 23:21:27.433933,0.02,361.34,-1.65
2026-08-16 23:21:27.450573,48.99,446.67,1.17
2026-08-16 23:21:27.512219,1e+31,1e+31,-7.88
2026-08-16 23:21:27.528280,44.51,377.15,5.51
2026-08-16 23:21:27.582044,1e+31,1e+31,5.96
2026-08-16 23:21:27.601180,38.9,375.01,-0.15
2026-08-16 23:21:27.656918,1e+31,1e+31,-6.51
2026-08-16 23:21:27.672770,1e+31,437.74,0.57
2026-08-16 23:21:27.731798,1e+31,1e+31,0.92
2026-08-16 23:21:27.749224,34.78,388.31,0.75
2026-08-16 23:21:27.807326,1e+31,1e+31,-6.43
2026-08-16 23:21:27.822949,1e+31,406.06,4.39
2026-08-16 23:21:27.863401,1e+31,1e+31,-0.81
2026-08-16 23:21:27.975245,1e+31,1e+31,0.97
2026-08-16 23:21:28.080940,0.07,402.27,-0.28
2026-08-16 23:21:28.154534,1.97,641.84,-1.14
2026-08-16 23:21:28.208924,0.07,931.81,11.86
2026-08-16 23:21:28.259932,0.25,810.43,6.22
2026-08-16 23:21:28.316923,1e+31,1e+31,4.56
2026-08-16 23:21:28.333381,48.24,403.67,1.41
2026-08-16 23:21:28.390680,0.08,378.53,-2.42
2026-08-16 23:21:28.409072,53.83,401.03,3.05
2026-08-16 23:21:28.457020,0.03,387.29,5.05
2026-08-16 23:21:28.479500,44.56,415.66,4.18
2026-08-16 23:21:28.537762,1e+31,1e+31,-6.04
2026-08-16 23:21:28.558955,42.81,463.66,-4.89
2026-08-16 23:21:28.622614,0.35,452.47,8.17
2026-08-16 23:21:28.640566,47.87,431.57,-2.72
2026-08-16 23:21:28.708652,1e+31,1e+31,-2.49
2026-08-16 23:21:28.729690,68.44,455.14,-2.91
2026-08-16 23:21:28.790851,0.1,428.48,0.92
2026-08-16 23:21:28.813561,46.05,426.6,-3.21
2026-08-16 23:21:28.869214,1e+31,1e+31,0.8
2026-08-16 23:21:28.888749,1e+31,438.71,0.83
2026-08-16 23:21:28.948935,0.65,678.27,-2.22
2026-08-16 23:21:28.964692,50.67,413.43,-1.67
2026-08-16 23:21:28.986680,1e+31,1e+31,2.72
2026-08-16 23:21:29.039290,0.03,421.61,-0.27
2026-08-16 23:22:27.087545,44.85,440.98,7.5
2026-08-16 23:22:27.163314,1e+31,1e+31,3.99
2026-08-16 23:22:27.180090,43.81,455.83,1.65
2026-08-16 23:22:27.231608,0.08,369.88,1.77
2026-08-16 23:22:27.249725,40.27,481.21,-3.52
2026-08-16 23:22:27.300955,0.02,335.0,-2.73
2026-08-16 23:22:27.318223,38.04,427.96,3.33
2026-08-16 23:22:27.371461,1e+31,1e+31,-2.33
2026-08-16 23:22:27.387867,60.26,419.39,-0.76
2026-08-16 23:22:27.433933,1e+31,1e+31,1.72
2026-08-16 23:22:27.450573,49.61,431.62,-0.95
2026-08-16 23:22:27.512219,1e+31,1e+31,1.71
2026-08-16 23:22:27.528280,44.51,400.23,-1.38
2026-08-16 23:22:27.582044,0.07,367.13,5.12
2026-08-16 23:22:27.601180,38.87,427.31,-0.57
2026-08-16 23:22:27.656918,1e+31,1e+31,-5.3
2026-08-16 23:22:27.672770,1e+31,458.9,0.75
2026-08-16 23:22:27.731798,1e+31,1e+31,-1.05
2026-08-16 23:22:27.749224,34.78,416.17,8.25
2026-08-16 23:22:27.807326,0.07,321.35,1.25
2026-08-16 23:22:27.822949,1e+31,448.2,-6.77
2026-08-16 23:22:27.863401,0.09,304.14,2.53
2026-08-16 23:22:27.975245,1e+31,1e+31,-3.6
2026-08-16 23:22:28.080940,0.07,401.2,-12.14
2026-08-16 23:22:28.154534,1e+31,1e+31,-3.16
2026-08-16 23:22:28.208924,0.09,917.75,-3.17
2026-08-16 23:22:28.259932,0.25,809.19,3.76
2026-08-16 23:22:28.316923,0.08,569.87,-5.82
2026-08-16 23:22:28.333381,48.26,431.39,4.55
2026-08-16 23:22:28.390680,0.09,373.9,-4.52
2026-08-16 23:22:28.409072,53.84,441.85,-6.29
2026-08-16 23:22:28.457020,1e+31,1e+31,5.61
2026-08-16 23:22:28.479500,44.51,430.35,-0.48
2026-08-16 23:22:28.537762,1e+31,1e+31,0.22
2026-08-16 23:22:28.558955,42.85,430.64,3.47
2026-08-16 23:22:28.622614,0.36,452.76,-5.53
2026-08-16 23:22:28.640566,47.89,423.57,-0.34
2026-08-16 23:22:28.708652,1e+31,1e+31,-0.63
2026-08-16 23:22:28.729690,68.47,420.18,2.89
2026-08-16 23:22:28.790851,0.1,424.61,-1.31
2026-08-16 23:22:28.813561,46.04,500.6,-0.8
2026-08-16 23:22:28.869214,1e+31,1e+31,0.37
2026-08-16 23:22:28.888749,1e+31,428.81,1.57
2026-08-16 23:22:28.948935,0.58,675.9,-4.83
2026-08-16 23:22:28.964692,50.65,426.38,0.28
2026-08-16 23:22:28.986680,1e+31,1e+31,3.88
2026-08-16 23:22:29.039290,0.04,422.33,2.44
2026-08-16 23:23:27.087545,44.85,420.1,-7.15
2026-08-16 23:23:27.163314,1e+31,1e+31,7.27
2026-08-16 23:23:27.180090,44.06,479.29,2.75
2026-08-16 23:23:27.231608,0.08,368.99,-5.08
2026-08-16 23:23:27.249725,40.35,417.13,2.08
2026-08-16 23:23:27.300955,0.03,336.69,-4.67
2026-08-16 23:23:27.318223,38.04,432.43,0.58
2026-08-16 23:23:27.371461,1e+31,1e+31,4.01
2026-08-16 23:23:27.387867,60.42,389.54,-2.68
2026-08-16 23:23:27.433933,1e+31,1e+31,-1.68
2026-08-16 23:23:27.450573,49.61,470.23,-0.07
2026-08-16 23:23:27.512219,1e+31,1e+31,0.43
2026-08-16 23:23:27.528280,44.41,425.53,-4.04
2026-08-16 23:23:27.582044,1e+31,1e+31,0.22
2026-08-16 23:23:27.601180,38.87,397.3,0.31
2026-08-16 23:23:27.656918,0.09,322.78,3.14
2026-08-16 23:23:27.672770,1e+31,430.01,3.96
2026-08-16 23:23:27.731798,1e+31,1e+31,3.35
2026-08-16 23:23:27.749224,34.9,390.57,-1.59
2026-08-16 23:23:27.807326,0.08,324.02,2.3
2026-08-16 23:23:27.822949,1e+31,372.34,-1.06
2026-08-16 23:23:27.863401,0.1,304.46,6.04
2026-08-16 23:23:27.975245,1e+31,1e+31,-0.69
2026-08-16 23:23:28.080940,1e+31,1e+31,-2.93
2026-08-16 23:23:28.154534,1.09,669.22,-3.11
2026-08-16 23:23:28.208924,1e+31,1e+31,-0.28
2026-08-16 23:23:28.259932,0.25,809.63,1.21
2026-08-16 23:23:28.316923,1e+31,1e+31,2.05
2026-08-16 23:23:28.333381,48.29,409.98,1.15
2026-08-16 23:23:28.390680,0.08,373.31,-8.41
2026-08-16 23:23:28.409072,53.86,411.51,4.23
2026-08-16 23:23:28.457020,1e+31,1e+31,4.24
2026-08-16 23:23:28.479500,44.46,410.79,7.94
2026-08-16 23:23:28.537762,1e+31,1e+31,-1.62
2026-08-16 23:23:28.558955,42.89,435.19,-0.37
2026-08-16 23:23:28.622614,0.36,453.03,4.24
2026-08-16 23:23:28.640566,47.91,451.64,3.04
2026-08-16 23:23:28.708652,0.03,422.87,-0.96
2026-08-16 23:23:28.729690,68.5,454.77,-5.62
2026-08-16 23:23:28.790851,1e+31,1e+31,0.18
2026-08-16 23:23:28.813561,46.03,441.91,3.23
2026-08-16 23:23:28.869214,1e+31,1e+31,1.86
2026-08-16 23:23:28.888749,1e+31,406.48,-6.33
2026-08-16 23:23:28.948935,0.57,682.3,-0.76
2026-08-16 23:23:28.964692,50.63,425.87,0.33
2026-08-16 23:23:28.986680,1e+31,1e+31,-1.92
2026-08-16 23:23:29.039290,0.03,421.09,3.02
2026-08-16 23:24:27.087545,44.9,460.64,-0.53
2026-08-16 23:24:27.163314,1e+31,1e+31,-3.8
2026-08-16 23:24:27.180090,44.06,376.88,1.12
2026-08-16 23:24:27.231608,0.09,375.37,-2.18
2026-08-16 23:24:27.249725,40.49,458.2,1.53
2026-08-16 23:24:27.300955,0.02,332.73,-6.51
2026-08-16 23:24:27.318223,38.13,466.36,5.87
2026-08-16 23:24:27.371461,1e+31,1e+31,3.06
2026-08-16 23:24:27.387867,60.8,455.0,-7.03
2026-08-16 23:24:27.433933,1e+31,1e+31,-2.42
2026-08-16 23:24:27.450573,48.93,406.63,-0.92
2026-08-16 23:24:27.512219,1e+31,1e+31,1.12
2026-08-16 23:24:27.528280,44.51,365.44,-3.77
2026-08-16 23:24:27.582044,1e+31,1e+31,-0.84
2026-08-16 23:24:27.601180,38.87,467.53,-1.91
2026-08-16 23:24:27.656918,0.1,323.49,4.54
2026-08-16 23:24:27.672770,1e+31,392.88,3.21
2026-08-16 23:24:27.731798,1e+31,1e+31,-3.12
2026-08-16 23:24:27.749224,34.91,442.52,-5.91
2026-08-16 23:24:27.807326,0.09,325.09,1.28
2026-08-16 23:24:27.822949,1e+31,421.17,-1.83
2026-08-16 23:24:27.863401,0.09,302.6,1.51
2026-08-16 23:24:27.975245,0.07,455.94,-3.79
2026-08-16 23:24:28.080940,0.07,404.56,-0.25
2026-08-16 23:24:28.154534,1e+31,1e+31,-0.15
2026-08-16 23:24:28.208924,1e+31,1e+31,5.56
2026-08-16 23:24:28.259932,0.24,809.29,5.57
2026-08-16 23:24:28.316923,0.08,571.09,-3.32
2026-08-16 23:24:28.333381,48.32,459.79,-4.15
2026-08-16 23:24:28.390680,0.08,376.79,-3.74
2026-08-16 23:24:28.409072,53.88,414.57,0.27
2026-08-16 23:24:28.457020,1e+31,1e+31,-0.34
2026-08-16 23:24:28.479500,44.42,430.24,1.51
2026-08-16 23:24:28.537762,0.07,318.55,-4.34
2026-08-16 23:24:28.558955,42.93,417.7,0.4
2026-08-16 23:24:28.622614,0.39,452.58,-1.41
2026-08-16 23:24:28.640566,47.94,497.94,-0.97
2026-08-16 23:24:28.708652,0.04,426.41,7.59
2026-08-16 23:24:28.729690,68.53,448.27,2.46
2026-08-16 23:24:28.790851,0.13,414.48,0.52
2026-08-16 23:24:28.813561,46.01,447.34,1.32
2026-08-16 23:24:28.869214,1e+31,1e+31,3.33
2026-08-16 23:24:28.888749,1e+31,415.79,-11.02
2026-08-16 23:24:28.948935,0.53,679.23,-1.05
2026-08-16 23:24:28.964692,50.62,364.99,1.55
2026-08-16 23:24:28.986680,1e+31,1e+31,1.09
2026-08-16 23:24:29.039290,0.03,420.5,2.41
2026-08-16 23:25:27.087545,44.9,443.85,-6.48
2026-08-16 23:25:27.163314,1e+31,1e+31,1.09
2026-08-16 23:25:27.180090,43.79,391.97,0.55
2026-08-16 23:25:27.231608,0.09,374.86,4.37
2026-08-16 23:25:27.249725,40.49,427.32,4.54
2026-08-16 23:25:27.300955,0.03,332.88,-0.55
2026-08-16 23:25:27.318223,37.94,419.02,1.76
2026-08-16 23:25:27.371461,1e+31,1e+31,1.09
2026-08-16 23:25:27.387867,64.97,430.98,-6.35
2026-08-16 23:25:27.433933,1e+31,1e+31,-4.25
2026-08-16 23:25:27.450573,49.17,376.34,-1.95
2026-08-16 23:25:27.512219,1e+31,1e+31,0.15
2026-08-16 23:25:27.528280,44.58,454.22,1.91
2026-08-16 23:25:27.582044,0.07,366.3,-4.44
2026-08-16 23:25:27.601180,38.83,436.16,-6.53
2026-08-16 23:25:27.656918,1e+31,1e+31,-2.17
2026-08-16 23:25:27.672770,1e+31,401.21,5.61
2026-08-16 23:25:27.731798,1e+31,1e+31,-2.15
2026-08-16 23:25:27.749224,34.93,392.85,10.96
2026-08-16 23:25:27.807326,0.08,319.09,8.05
2026-08-16 23:25:27.822949,1e+31,455.13,5.61
2026-08-16 23:25:27.863401,0.11,296.57,-7.54
2026-08-16 23:25:27.975245,1e+31,1e+31,4.8
2026-08-16 23:25:28.080940,1e+31,1e+31,0.46
2026-08-16 23:25:28.154534,1e+31,1e+31,0.81
2026-08-16 23:25:28.208924,0.07,933.55,-0.57
2026-08-16 23:25:28.259932,0.25,808.83,-5.96
2026-08-16 23:25:28.316923,0.07,571.84,-4.35
2026-08-16 23:25:28.333381,48.35,462.45,5.13
2026-08-16 23:25:28.390680,0.09,378.05,-11.34
2026-08-16 23:25:28.409072,53.89,428.52,7.01
2026-08-16 23:25:28.457020,1e+31,1e+31,0.52
2026-08-16 23:25:28.479500,44.38,426.45,-0.86
2026-08-16 23:25:28.537762,0.07,320.97,2.17
2026-08-16 23:25:28.558955,42.98,419.74,-3.91
2026-08-16 23:25:28.622614,0.4,454.77,3.26
2026-08-16 23:25:28.640566,47.96,466.07,-4.3
2026-08-16 23:25:28.708652,0.04,425.7,3.47
2026-08-16 23:25:28.729690,68.55,415.35,-1.16
2026-08-16 23:25:28.790851,0.09,431.04,3.46
2026-08-16 23:25:28.813561,46.0,335.36,-1.76
2026-08-16 23:25:28.869214,1e+31,1e+31,-8.93
2026-08-16 23:25:28.888749,1e+31,381.34,-0.14
2026-08-16 23:25:28.948935,0.58,682.49,4.07
2026-08-16 23:25:28.964692,50.6,423.67,4.73
2026-08-16 23:25:28.986680,1e+31,1e+31,-5.7
2026-08-16 23:25:29.039290,0.03,421.5,-1.46
2026-08-16 23:26:27.087545,44.9,402.58,-0.94
2026-08-16 23:26:27.163314,1e+31,1e+31,3.86
2026-08-16 23:26:27.180090,44.06,442.93,-1.33
2026-08-16 23:26:27.231608,0.09,378.97,0.47
2026-08-16 23:26:27.249725,40.49,437.63,-2.11
2026-08-16 23:26:27.300955,0.03,331.93,-2.99
2026-08-16 23:26:27.318223,37.9,386.23,-1.13
2026-08-16 23:26:27.371461,1e+31,1e+31,0.22
2026-08-16 23:26:27.387867,65.77,410.07,3.3
2026-08-16 23:26:27.433933,1e+31,1e+31,3.71
2026-08-16 23:26:27.450573,48.93,462.45,-9.23
2026-08-16 23:26:27.512219,1e+31,1e+31,3.08
2026-08-16 23:26:27.528280,44.62,402.06,-0.86
2026-08-16 23:26:27.582044,1e+31,1e+31,-4.77
2026-08-16 23:26:27.601180,38.81,386.64,-11.77
2026-08-16 23:26:27.656918,1e+31,1e+31,2.47
2026-08-16 23:26:27.672770,1e+31,402.69,-10.17
2026-08-16 23:26:27.731798,1e+31,1e+31,3.98
2026-08-16 23:26:27.749224,34.93,477.69,2.35
2026-08-16 23:26:27.807326,0.09,323.53,-3.03
2026-08-16 23:26:27.822949,1e+31,437.3,5.98
2026-08-16 23:26:27.863401,0.12,287.47,-2.87
2026-08-16 23:26:27.975245,0.06,463.36,5.03
2026-08-16 23:26:28.080940,0.07,403.03,3.81
2026-08-16 23:26:28.154534,1e+31,1e+31,4.72
2026-08-16 23:26:28.208924,1e+31,1e+31,-1.57
2026-08-16 23:26:28.259932,0.24,808.34,4.25
2026-08-16 23:26:28.316923,0.07,575.04,-0.72
2026-08-16 23:26:28.333381,48.38,423.82,8.02
2026-08-16 23:26:28.390680,0.08,376.97,-4.15
2026-08-16 23:26:28.409072,53.91,448.48,-4.03
2026-08-16 23:26:28.457020,1e+31,1e+31,3.1
2026-08-16 23:26:28.479500,44.33,396.94,8.38
2026-08-16 23:26:28.537762,1e+31,1e+31,0.58
2026-08-16 23:26:28.558955,43.02,457.15,-13.46
2026-08-16 23:26:28.622614,0.39,453.44,3.76
2026-08-16 23:26:28.640566,47.97,377.68,4.51
2026-08-16 23:26:28.708652,0.03,426.7,2.05
2026-08-16 23:26:28.729690,68.58,417.34,-3.91
2026-08-16 23:26:28.790851,1e+31,1e+31,-4.21
2026-08-16 23:26:28.813561,45.99,480.07,-3.63
2026-08-16 23:26:28.869214,1e+31,1e+31,3.79
2026-08-16 23:26:28.888749,1e+31,431.77,3.49
2026-08-16 23:26:28.948935,0.56,677.81,-6.13
2026-08-16 23:26:28.964692,50.58,427.75,6.77
2026-08-16 23:26:28.986680,1e+31,1e+31,0.05
2026-08-16 23:26:29.039290,0.04,419.09,-0.39
2026-08-16 23:27:27.087545,44.7,436.13,1.75
2026-08-16 23:27:27.163314,1e+31,1e+31,-5.63
2026-08-16 23:27:27.180090,44.18,421.67,-2.39
2026-08-16 23:27:27.231608,0.09,379.59,1.88
2026-08-16 23:27:27.249725,40.49,385.25,2.27
2026-08-16 23:27:27.300955,0.02,333.82,-3.31
2026-08-16 23:27:27.318223,37.9,441.14,-4.34
2026-08-16 23:27:27.371461,1e+31,1e+31,-6.49
2026-08-16 23:27:27.387867,65.77,405.64,6.83
2026-08-16 23:27:27.433933,0.03,351.27,-2.92
2026-08-16 23:27:27.450573,48.8,446.96,2.33
2026-08-16 23:27:27.512219,1e+31,1e+31,-1.49
2026-08-16 23:27:27.528280,44.62,436.47,-1.93
2026-08-16 23:27:27.582044,1e+31,1e+31,-0.15
2026-08-16 23:27:27.601180,38.79,409.16,1.03
2026-08-16 23:27:27.656918,1e+31,1e+31,-2.12
2026-08-16 23:27:27.672770,1e+31,371.33,-6.92
2026-08-16 23:27:27.731798,1e+31,1e+31,-2.71
2026-08-16 23:27:27.749224,35.01,405.36,3.89
2026-08-16 23:27:27.807326,1e+31,1e+31,1.32
2026-08-16 23:27:27.822949,1e+31,421.44,-3.77
2026-08-16 23:27:27.863401,1e+31,1e+31,3.3
2026-08-16 23:27:27.975245,0.06,464.5,-8.66
2026-08-16 23:27:28.080940,0.07,403.78,3.47
2026-08-16 23:27:28.154534,1.42,664.47,-4.62
2026-08-16 23:27:28.208924,0.08,931.97,3.6
2026-08-16 23:27:28.259932,0.26,808.96,4.57
2026-08-16 23:27:28.316923,0.06,571.91,-1.45
2026-08-16 23:27:28.333381,48.42,389.66,-0.46
2026-08-16 23:27:28.390680,0.08,378.09,-4.83
2026-08-16 23:27:28.409072,53.93,457.49,1.13
2026-08-16 23:27:28.457020,1e+31,1e+31,-6.03
2026-08-16 23:27:28.479500,44.29,438.05,-1.94
2026-08-16 23:27:28.537762,1e+31,1e+31,9.18
2026-08-16 23:27:28.558955,43.06,390.23,-5.42
2026-08-16 23:27:28.622614,0.38,453.34,8.37
2026-08-16 23:27:28.640566,47.99,436.32,-7.37
2026-08-16 23:27:28.708652,0.04,425.09,-0.36
2026-08-16 23:27:28.729690,68.61,421.67,0.91
2026-08-16 23:27:28.790851,0.09,430.96,-2.24
2026-08-16 23:27:28.813561,45.98,404.34,2.03
2026-08-16 23:27:28.869214,1e+31,1e+31,5.13
2026-08-16 23:27:28.888749,1e+31,428.33,3.83
2026-08-16 23:27:28.948935,0.56,683.32,-2.86
2026-08-16 23:27:28.964692,50.57,408.49,-4.15
2026-08-16 23:27:28.986680,1e+31,1e+31,6.01
2026-08-16 23:27:29.039290,0.03,421.63,-4.06
2026-08-16 23:28:27.087545,44.9,427.81,-0.28
2026-08-16 23:28:27.163314,1e+31,1e+31,3.86
2026-08-16 23:28:27.180090,44.06,392.26,-4.58
2026-08-16 23:28:27.231608,0.1,379.16,-3.07
2026-08-16 23:28:27.249725,40.49,426.91,-10.75
2026-08-16 23:28:27.300955,0.05,328.4,-1.17
2026-08-16 23:28:27.318223,37.9,422.75,5.14
2026-08-16 23:28:27.371461,1e+31,1e+31,-6.12
2026-08-16 23:28:27.387867,65.77,412.88,3.5
2026-08-16 23:28:27.433933,0.04,336.52,-8.51
2026-08-16 23:28:27.450573,48.63,442.83,-9.3
2026-08-16 23:28:27.512219,1e+31,1e+31,0.6
2026-08-16 23:28:27.528280,44.62,460.05,-2.97
2026-08-16 23:28:27.582044,1e+31,1e+31,2.48
2026-08-16 23:28:27.601180,38.81,409.69,-5.16
2026-08-16 23:28:27.656918,1e+31,1e+31,1.09
2026-08-16 23:28:27.672770,1e+31,470.99,2.67
2026-08-16 23:28:27.731798,1e+31,1e+31,-3.57
2026-08-16 23:28:27.749224,35.17,421.39,5.27
2026-08-16 23:28:27.807326,1e+31,1e+31,-3.05
2026-08-16 23:28:27.822949,1e+31,445.82,-4.57
2026-08-16 23:28:27.863401,1e+31,1e+31,-3.8
2026-08-16 23:28:27.975245,0.06,463.11,-6.96
2026-08-16 23:28:28.080940,0.08,402.88,-10.81
2026-08-16 23:28:28.154534,1.17,674.98,-0.33
2026-08-16 23:28:28.208924,1e+31,1e+31,-2.58
2026-08-16 23:28:28.259932,0.23,807.5,-1.87
2026-08-16 23:28:28.316923,0.07,568.89,-10.67
2026-08-16 23:28:28.333381,48.45,397.18,2.3
2026-08-16 23:28:28.390680,0.07,379.52,-0.14
2026-08-16 23:28:28.409072,53.95,350.15,0.43
2026-08-16 23:28:28.457020,1e+31,1e+31,2.55
2026-08-16 23:28:28.479500,44.25,402.89,1.34
2026-08-16 23:28:28.537762,0.02,430.8,1.42
2026-08-16 23:28:28.558955,43.11,419.89,2.63
2026-08-16 23:28:28.622614,0.41,454.57,-2.02
2026-08-16 23:28:28.640566,48.01,483.11,-0.0
2026-08-16 23:28:28.708652,0.04,425.37,-2.17
2026-08-16 23:28:28.729690,68.63,419.08,3.93
2026-08-16 23:28:28.790851,0.1,422.75,-1.05
2026-08-16 23:28:28.813561,45.96,410.48,-5.54
2026-08-16 23:28:28.869214,1e+31,1e+31,8.94
2026-08-16 23:28:28.888749,1e+31,438.56,0.92
2026-08-16 23:28:28.948935,0.56,676.29,-5.38
2026-08-16 23:28:28.964692,50.56,474.82,3.11
2026-08-16 23:28:28.986680,1e+31,1e+31,5.21
2026-08-16 23:28:29.039290,0.04,419.28,10.07
2026-08-16 23:29:27.087545,44.9,470.51,2.3
2026-08-16 23:29:27.163314,1e+31,1e+31,-3.88
2026-08-16 23:29:27.180090,44.18,427.77,7.02
2026-08-16 23:29:27.231608,0.1,384.29,-0.6
2026-08-16 23:29:27.249725,40.51,389.74,-5.45
2026-08-16 23:29:27.300955,0.04,326.95,-1.7
2026-08-16 23:29:27.318223,37.9,440.75,2.97
2026-08-16 23:29:27.371461,1e+31,1e+31,1.37
2026-08-16 23:29:27.387867,69.01,452.41,4.34
2026-08-16 23:29:27.433933,0.04,351.3,-7.61
2026-08-16 23:29:27.450573,48.8,422.64,-4.91
2026-08-16 23:29:27.512219,1e+31,1e+31,-5.44
2026-08-16 23:29:27.528280,44.62,478.38,6.18
2026-08-16 23:29:27.582044,0.08,365.48,-3.79
2026-08-16 23:29:27.601180,38.81,438.02,-1.71
2026-08-16 23:29:27.656918,1e+31,1e+31,-2.21
2026-08-16 23:29:27.672770,1e+31,400.83,2.22
2026-08-16 23:29:27.731798,1e+31,1e+31,-2.53
2026-08-16 23:29:27.749224,35.24,428.66,3.14
2026-08-16 23:29:27.807326,0.06,307.91,-5.96
2026-08-16 23:29:27.822949,1e+31,467.59,-3.72
2026-08-16 23:29:27.863401,0.1,292.5,-2.76
2026-08-16 23:29:27.975245,1e+31,1e+31,0.93
2026-08-16 23:29:28.080940,0.07,403.92,1.69
2026-08-16 23:29:28.154534,1e+31,1e+31,-3.14
2026-08-16 23:29:28.208924,1e+31,1e+31,-3.07
2026-08-16 23:29:28.259932,0.25,808.22,-0.25
2026-08-16 23:29:28.316923,1e+31,1e+31,-4.81
2026-08-16 23:29:28.333381,48.49,432.86,-2.47
2026-08-16 23:29:28.390680,0.07,378.23,3.22
2026-08-16 23:29:28.409072,53.97,413.84,-1.44
2026-08-16 23:29:28.457020,1e+31,1e+31,-2.04
2026-08-16 23:29:28.479500,44.21,495.03,-2.36
2026-08-16 23:29:28.537762,1e+31,1e+31,-0.94
2026-08-16 23:29:28.558955,43.15,501.88,-2.17
2026-08-16 23:29:28.622614,0.39,452.72,1.3
2026-08-16 23:29:28.640566,48.02,479.09,4.11
2026-08-16 23:29:28.708652,0.04,423.56,3.03
2026-08-16 23:29:28.729690,68.65,420.16,7.95
2026-08-16 23:29:28.790851,1e+31,1e+31,1.2
2026-08-16 23:29:28.813561,45.95,417.76,-5.66
2026-08-16 23:29:28.869214,1e+31,1e+31,0.9
2026-08-16 23:29:28.888749,1e+31,479.57,-2.74
2026-08-16 23:29:28.948935,0.59,681.53,-1.68
2026-08-16 23:29:28.964692,50.55,449.51,2.39
2026-08-16 23:29:28.986680,1e+31,1e+31,-0.68
2026-08-16 23:29:29.039290,0.03,420.45,5.47
2026-08-16 23:30:27.087545,45.0,408.57,-3.3
2026-08-16 23:30:27.163314,1e+31,1e+31,1.83
2026-08-16 23:30:27.180090,44.06,410.8,-4.1
2026-08-16 23:30:27.231608,0.07,394.3,-3.4
2026-08-16 23:30:27.249725,40.42,487.31,4.6
2026-08-16 23:30:27.300955,0.04,329.75,-0.39
2026-08-16 23:30:27.318223,37.86,431.76,-3.35
2026-08-16 23:30:27.371461,1e+31,1e+31,-1.45
2026-08-16 23:30:27.387867,69.01,459.71,5.35
2026-08-16 23:30:27.433933,0.04,345.23,9.99
2026-08-16 23:30:27.450573,48.96,426.23,3.45
2026-08-16 23:30:27.512219,1e+31,1e+31,0.3
2026-08-16 23:30:27.528280,44.62,481.63,-1.52
2026-08-16 23:30:27.582044,1e+31,1e+31,2.97
2026-08-16 23:30:27.601180,38.81,443.46,-0.35
2026-08-16 23:30:27.656918,1e+31,1e+31,-2.45
2026-08-16 23:30:27.672770,1e+31,436.36,-2.99
2026-08-16 23:30:27.731798,1e+31,1e+31,-1.92
2026-08-16 23:30:27.749224,35.32,385.93,-0.23
2026-08-16 23:30:27.807326,1e+31,1e+31,-0.94
2026-08-16 23:30:27.822949,1e+31,400.12,3.26
2026-08-16 23:30:27.863401,0.09,296.44,0.19
2026-08-16 23:30:27.975245,1e+31,1e+31,2.71
2026-08-16 23:30:28.080940,0.08,403.19,0.48
2026-08-16 23:30:28.154534,1e+31,1e+31,0.71
2026-08-16 23:30:28.208924,1e+31,1e+31,-6.69
2026-08-16 23:30:28.259932,0.23,807.82,0.14
2026-08-16 23:30:28.316923,1e+31,1e+31,1.28
2026-08-16 23:30:28.333381,48.52,366.74,4.8
2026-08-16 23:30:28.390680,0.07,378.29,-3.81
2026-08-16 23:30:28.409072,53.99,432.64,9.14
2026-08-16 23:30:28.457020,1e+31,1e+31,-3.64
2026-08-16 23:30:28.479500,44.18,461.55,-0.44
2026-08-16 23:30:28.537762,0.01,441.29,-3.98
2026-08-16 23:30:28.558955,43.19,440.35,-2.24
2026-08-16 23:30:28.622614,0.4,454.26,1.48
2026-08-16 23:30:28.640566,48.04,409.02,0.52
2026-08-16 23:30:28.708652,0.03,425.17,1.92
2026-08-16 23:30:28.729690,68.67,413.46,-6.26
2026-08-16 23:30:28.790851,1e+31,1e+31,-1.56
2026-08-16 23:30:28.813561,45.94,432.24,-7.21
2026-08-16 23:30:28.869214,1e+31,1e+31,1.47
2026-08-16 23:30:28.888749,1e+31,401.31,3.58
2026-08-16 23:30:28.948935,0.56,673.67,-1.63
2026-08-16 23:30:28.964692,50.54,429.37,-0.49
2026-08-16 23:30:28.986680,1e+31,1e+31,0.88
2026-08-16 23:30:29.039290,0.03,422.34,1.25
2026-08-16 23:31:27.087545,45.0,436.13,1.93
2026-08-16 23:31:27.163314,1e+31,1e+31,1.12
2026-08-16 23:31:27.180090,43.9,433.78,-5.58
2026-08-16 23:31:27.231608,0.08,395.93,-1.7
2026-08-16 23:31:27.249725,40.23,426.8,1.16
2026-08-16 23:31:27.300955,0.04,328.68,4.39
2026-08-16 23:31:27.318223,37.86,421.38,-0.9
2026-08-16 23:31:27.371461,1e+31,1e+31,8.37
2026-08-16 23:31:27.387867,69.01,385.7,-5.27
2026-08-16 23:31:27.433933,0.04,344.6,-6.1
2026-08-16 23:31:27.450573,48.8,419.09,5.64
2026-08-16 23:31:27.512219,1e+31,1e+31,5.91
2026-08-16 23:31:27.528280,44.65,413.72,-1.01
2026-08-16 23:31:27.582044,1e+31,1e+31,-0.14
2026-08-16 23:31:27.601180,38.92,449.9,-0.42
2026-08-16 23:31:27.656918,1e+31,1e+31,5.79
2026-08-16 23:31:27.672770,1e+31,453.77,-0.99
2026-08-16 23:31:27.731798,1e+31,1e+31,2.16
2026-08-16 23:31:27.749224,35.72,431.85,1.03
2026-08-16 23:31:27.807326,1e+31,1e+31,-0.04
2026-08-16 23:31:27.822949,1e+31,419.58,-1.65
2026-08-16 23:31:27.863401,0.08,303.29,1.9
2026-08-16 23:31:27.975245,1e+31,1e+31,7.2
2026-08-16 23:31:28.080940,1e+31,1e+31,-4.18
2026-08-16 23:31:28.154534,1e+31,1e+31,3.98
2026-08-16 23:31:28.208924,1e+31,1e+31,-5.98
2026-08-16 23:31:28.259932,0.25,808.7,5.11
2026-08-16 23:31:28.316923,0.07,568.35,2.01
2026-08-16 23:31:28.333381,48.56,461.17,-2.03
2026-08-16 23:31:28.390680,0.07,379.26,-0.15
2026-08-16 23:31:28.409072,54.01,446.38,2.72
2026-08-16 23:31:28.457020,1e+31,1e+31,3.12
2026-08-16 23:31:28.479500,44.14,396.31,-6.67
2026-08-16 23:31:28.537762,0.06,326.38,-2.92
2026-08-16 23:31:28.558955,43.24,451.13,-1.79
2026-08-16 23:31:28.622614,1e+31,1e+31,-5.11
2026-08-16 23:31:28.640566,48.05,431.43,2.39
2026-08-16 23:31:28.708652,0.03,426.03,-2.75
2026-08-16 23:31:28.729690,68.7,441.07,6.44
2026-08-16 23:31:28.790851,0.1,415.15,-5.37
2026-08-16 23:31:28.813561,45.92,473.46,-2.67
2026-08-16 23:31:28.869214,1e+31,1e+31,4.09
2026-08-16 23:31:28.888749,1e+31,424.77,2.87
2026-08-16 23:31:28.948935,0.55,677.13,-3.77
2026-08-16 23:31:28.964692,50.53,423.72,1.84
2026-08-16 23:31:28.986680,1e+31,1e+31,-0.22
2026-08-16 23:31:29.039290,0.04,420.25,8.54
2026-08-16 23:32:27.087545,44.7,426.73,-1.1
2026-08-16 23:32:27.163314,1e+31,1e+31,3.1
2026-08-16 23:32:27.180090,43.89,407.79,-7.23
2026-08-16 23:32:27.231608,0.08,390.31,4.55
2026-08-16 23:32:27.249725,40.23,463.87,-2.05
2026-08-16 23:32:27.300955,0.03,330.81,-1.02
2026-08-16 23:32:27.318223,37.83,404.93,-2.6
2026-08-16 23:32:27.371461,1e+31,1e+31,-4.27
2026-08-16 23:32:27.387867,62.17,393.34,8.29
2026-08-16 23:32:27.433933,1e+31,1e+31,-3.15
2026-08-16 23:32:27.450573,48.6,437.52,2.35
2026-08-16 23:32:27.512219,0.08,298.15,3.73
2026-08-16 23:32:27.528280,44.76,479.96,5.55
2026-08-16 23:32:27.582044,1e+31,1e+31,5.32
2026-08-16 23:32:27.601180,38.92,406.71,-4.47
2026-08-16 23:32:27.656918,1e+31,1e+31,0.17
2026-08-16 23:32:27.672770,1e+31,458.06,1.78
2026-08-16 23:32:27.731798,1e+31,1e+31,-6.97
2026-08-16 23:32:27.749224,35.84,420.26,1.24
2026-08-16 23:32:27.807326,0.1,315.13,-2.04
2026-08-16 23:32:27.822949,1e+31,473.78,-8.77
2026-08-16 23:32:27.863401,0.1,305.47,-3.25
2026-08-16 23:32:27.975245,0.07,460.45,-1.79
2026-08-16 23:32:28.080940,0.07,402.66,-3.11
2026-08-16 23:32:28.154534,1e+31,1e+31,7.68
2026-08-16 23:32:28.208924,0.08,930.23,7.48
2026-08-16 23:32:28.259932,0.24,807.1,-3.5
2026-08-16 23:32:28.316923,0.07,574.05,-0.54
2026-08-16 23:32:28.333381,48.6,512.59,-1.4
2026-08-16 23:32:28.390680,0.06,378.64,-6.7
2026-08-16 23:32:28.409072,54.03,448.34,-7.25
2026-08-16 23:32:28.457020,1e+31,1e+31,4.47
2026-08-16 23:32:28.479500,44.11,438.87,-10.81
2026-08-16 23:32:28.537762,1e+31,1e+31,8.1
2026-08-16 23:32:28.558955,43.28,436.86,-2.6
2026-08-16 23:32:28.622614,0.38,451.47,2.49
2026-08-16 23:32:28.640566,48.06,451.29,-7.51
2026-08-16 23:32:28.708652,0.04,426.02,-0.52
2026-08-16 23:32:28.729690,68.72,456.38,2.06
2026-08-16 23:32:28.790851,0.15,400.5,-4.85
2026-08-16 23:32:28.813561,45.91,451.33,1.64
2026-08-16 23:32:28.869214,1e+31,1e+31,6.84
2026-08-16 23:32:28.888749,1e+31,397.06,-9.08
2026-08-16 23:32:28.948935,0.49,676.12,3.24
2026-08-16 23:32:28.964692,50.52,454.63,1.27
2026-08-16 23:32:28.986680,1e+31,1e+31,-4.27
2026-08-16 23:32:29.039290,0.03,421.82,2.48
2026-08-16 23:33:27.087545,44.45,445.9,6.36
2026-08-16 23:33:27.163314,1e+31,1e+31,-7.41
2026-08-16 23:33:27.180090,43.89,439.49,1.39
2026-08-16 23:33:27.231608,0.07,391.27,2.67
2026-08-16 23:33:27.249725,40.23,427.94,6.85
2026-08-16 23:33:27.300955,0.04,330.54,-5.53
2026-08-16 23:33:27.318223,37.8,388.36,1.64
2026-08-16 23:33:27.371461,1e+31,1e+31,4.17
2026-08-16 23:33:27.387867,62.17,529.41,-1.14
2026-08-16 23:33:27.433933,0.03,348.7,-0.36
2026-08-16 23:33:27.450573,48.37,409.31,-3.55
2026-08-16 23:33:27.512219,0.07,297.97,6.86
2026-08-16 23:33:27.528280,44.76,424.05,2.97
2026-08-16 23:33:27.582044,1e+31,1e+31,6.55
2026-08-16 23:33:27.601180,39.16,418.25,11.02
2026-08-16 23:33:27.656918,1e+31,1e+31,4.56
2026-08-16 23:33:27.672770,1e+31,401.81,-1.87
2026-08-16 23:33:27.731798,1e+31,1e+31,0.41
2026-08-16 23:33:27.749224,35.84,399.65,-5.09
2026-08-16 23:33:27.807326,1e+31,1e+31,4.16
2026-08-16 23:33:27.822949,1e+31,418.22,4.6
2026-08-16 23:33:27.863401,0.09,304.04,-3.93
2026-08-16 23:33:27.975245,0.08,459.36,4.97
2026-08-16 23:33:28.080940,0.08,400.71,-2.34
2026-08-16 23:33:28.154534,1e+31,1e+31,-3.45
2026-08-16 23:33:28.208924,1e+31,1e+31,-1.44
2026-08-16 23:33:28.259932,0.25,807.6,8.04
2026-08-16 23:33:28.316923,1e+31,1e+31,7.53
2026-08-16 23:33:28.333381,48.64,477.18,10.51
2026-08-16 23:33:28.390680,0.05,382.23,1.27
2026-08-16 23:33:28.409072,54.05,470.48,-1.9
2026-08-16 23:33:28.457020,1e+31,1e+31,0.32
2026-08-16 23:33:28.479500,44.08,396.5,-5.4
2026-08-16 23:33:28.537762,1e+31,1e+31,6.37
2026-08-16 23:33:28.558955,43.33,436.26,9.97
2026-08-16 23:33:28.622614,0.39,451.38,4.62
2026-08-16 23:33:28.640566,48.07,382.56,2.3
2026-08-16 23:33:28.708652,0.04,426.87,0.82
2026-08-16 23:33:28.729690,68.74,459.23,-0.94
2026-08-16 23:33:28.790851,0.1,424.33,2.1
2026-08-16 23:33:28.813561,45.9,387.02,2.77
2026-08-16 23:33:28.869214,1e+31,1e+31,-7.4
2026-08-16 23:33:28.888749,1e+31,392.53,2.06
2026-08-16 23:33:28.948935,0.52,677.15,-0.39
2026-08-16 23:33:28.964692,50.52,391.82,1.94
2026-08-16 23:33:28.986680,1e+31,1e+31,10.0
2026-08-16 23:33:29.039290,0.03,418.92,0.74
2026-08-16 23:34:27.087545,44.45,421.82,-2.31
2026-08-16 23:34:27.163314,1e+31,1e+31,1.55
2026-08-16 23:34:27.180090,43.9,466.33,-4.63
2026-08-16 23:34:27.231608,0.1,386.34,-14.02
2026-08-16 23:34:27.249725,40.23,441.58,-3.59
2026-08-16 23:34:27.300955,0.04,327.27,-0.24
2026-08-16 23:34:27.318223,37.79,491.92,2.66
2026-08-16 23:34:27.371461,1e+31,1e+31,-3.33
2026-08-16 23:34:27.387867,62.17,434.93,12.01
2026-08-16 23:34:27.433933,1e+31,1e+31,-10.17
2026-08-16 23:34:27.450573,48.01,440.64,0.48
2026-08-16 23:34:27.512219,1e+31,1e+31,-0.25
2026-08-16 23:34:27.528280,44.65,415.34,1.6
2026-08-16 23:34:27.582044,1e+31,1e+31,-4.96
2026-08-16 23:34:27.601180,39.22,442.12,-1.99
2026-08-16 23:34:27.656918,1e+31,1e+31,-1.16
2026-08-16 23:34:27.672770,1e+31,365.92,-4.3
2026-08-16 23:34:27.731798,1e+31,1e+31,-2.69
2026-08-16 23:34:27.749224,36.11,401.81,-0.84
2026-08-16 23:34:27.807326,1e+31,1e+31,-0.41
2026-08-16 23:34:27.822949,1e+31,457.53,3.78
2026-08-16 23:34:27.863401,0.1,297.32,6.21
2026-08-16 23:34:27.975245,0.07,461.66,1.46
2026-08-16 23:34:28.080940,0.09,398.31,-2.11
2026-08-16 23:34:28.154534,1e+31,1e+31,1.06
2026-08-16 23:34:28.208924,1e+31,1e+31,-3.42
2026-08-16 23:34:28.259932,0.24,807.41,1.68
2026-08-16 23:34:28.316923,0.06,574.43,-9.02
2026-08-16 23:34:28.333381,48.68,394.67,0.85
2026-08-16 23:34:28.390680,0.07,376.04,-3.86
2026-08-16 23:34:28.409072,54.08,461.18,-1.82
2026-08-16 23:34:28.457020,1e+31,1e+31,4.3
2026-08-16 23:34:28.479500,44.05,459.32,7.95
2026-08-16 23:34:28.537762,0.06,317.22,-3.06
2026-08-16 23:34:28.558955,43.38,485.54,4.52
2026-08-16 23:34:28.622614,0.38,452.21,0.83
2026-08-16 23:34:28.640566,48.08,414.01,-1.54
2026-08-16 23:34:28.708652,0.04,426.97,-2.28
2026-08-16 23:34:28.729690,68.75,428.96,-4.57
2026-08-16 23:34:28.790851,0.14,408.03,-1.56
2026-08-16 23:34:28.813561,45.89,388.17,-0.14
2026-08-16 23:34:28.869214,1e+31,1e+31,-3.12
2026-08-16 23:34:28.888749,1e+31,445.55,5.12
2026-08-16 23:34:28.948935,0.49,673.33,-2.26
2026-08-16 23:34:28.964692,50.51,414.22,3.33
2026-08-16 23:34:28.986680,1e+31,1e+31,1.79
2026-08-16 23:34:29.039290,0.03,420.3,-0.18
2026-08-16 23:35:27.087545,44.51,403.0,-0.17
2026-08-16 23:35:27.163314,1e+31,1e+31,-6.07
2026-08-16 23:35:27.180090,43.9,483.27,0.64
2026-08-16 23:35:27.231608,1e+31,1e+31,1.19
2026-08-16 23:35:27.249725,40.2,442.46,-1.28
2026-08-16 23:35:27.300955,0.04,331.13,-2.16
2026-08-16 23:35:27.318223,37.72,462.62,-3.11
2026-08-16 23:35:27.371461,1e+31,1e+31,-7.93
2026-08-16 23:35:27.387867,62.17,430.27,5.47
2026-08-16 23:35:27.433933,0.03,359.91,-3.67
2026-08-16 23:35:27.450573,47.86,409.06,-5.1
2026-08-16 23:35:27.512219,1e+31,1e+31,0.16
2026-08-16 23:35:27.528280,44.65,446.48,1.91
2026-08-16 23:35:27.582044,1e+31,1e+31,0.36
2026-08-16 23:35:27.601180,39.22,417.81,-4.22
2026-08-16 23:35:27.656918,1e+31,1e+31,3.59
2026-08-16 23:35:27.672770,1e+31,499.32,14.01
2026-08-16 23:35:27.731798,1e+31,1e+31,2.4
2026-08-16 23:35:27.749224,36.13,433.79,2.19
2026-08-16 23:35:27.807326,1e+31,1e+31,0.9
2026-08-16 23:35:27.822949,1e+31,475.02,-0.74
2026-08-16 23:35:27.863401,0.09,299.49,9.72
2026-08-16 23:35:27.975245,0.07,460.6,-1.54
2026-08-16 23:35:28.080940,0.08,399.85,4.23
2026-08-16 23:35:28.154534,1e+31,1e+31,-1.07
2026-08-16 23:35:28.208924,1e+31,1e+31,0.4
2026-08-16 23:35:28.259932,0.24,807.6,0.09
2026-08-16 23:35:28.316923,0.07,572.86,-2.81
2026-08-16 23:35:28.333381,48.73,428.19,-3.13
2026-08-16 23:35:28.390680,0.06,377.67,-5.77
2026-08-16 23:35:28.409072,54.1,369.33,-2.94
2026-08-16 23:35:28.457020,1e+31,1e+31,8.53
2026-08-16 23:35:28.479500,44.02,511.7,-7.07
2026-08-16 23:35:28.537762,1e+31,1e+31,4.16
2026-08-16 23:35:28.558955,43.42,443.58,5.21
2026-08-16 23:35:28.622614,0.4,450.69,3.28
2026-08-16 23:35:28.640566,48.09,433.92,-2.43
2026-08-16 23:35:28.708652,1e+31,1e+31,3.53
2026-08-16 23:35:28.729690,68.77,427.29,-3.3
2026-08-16 23:35:28.790851,0.09,427.88,8.19
2026-08-16 23:35:28.813561,45.87,456.63,2.0
2026-08-16 23:35:28.869214,1e+31,1e+31,1.46
2026-08-16 23:35:28.888749,1e+31,403.49,2.39
2026-08-16 23:35:28.948935,0.51,678.52,2.33
2026-08-16 23:35:28.964692,50.51,438.27,-4.73
2026-08-16 23:35:28.986680,1e+31,1e+31,4.36
2026-08-16 23:35:29.039290,0.04,419.83,5.43
